,Цена на арматуру,Импорт цемента ЖД,Экспорт цемента ЖД,Отгрузка цемента хоппер ЖД,Отгрузка цемента остальные ЖД,Производство цемента,Импорт цемента,Экспорт цемента,Потребление цемента,Отгрузка цемента,Цена цемента с НДС,Цена цемента без НДС,Производство бетона РФ,Производство бетона МО,Производство бетона СПБ,Базовый индекс потребительских цен на товары и услуги_x,Ключевая ставка_x,Курс доллара_x,Базовый индекс потребительских цен на товары и услуги_y,Ключевая ставка_y,Курс доллара_y,Производство арматуры Сортовой прокат_Арматура,Производство арматуры Сортовой прокат_Катанка,Производство арматуры Сортовой прокат_Прутки прочие,Производство сырья ЖРС_Агломерат,Производство сырья ЖРС_Аглоруда,Производство сырья ЖРС_Концентрат,Производство сырья ЖРС_Концентрат для дообогащения,Производство сырья ЖРС_Окатыши,Производство сырья Кокс_Кокс валовый,Производство сырья Концентрат коксующегося угля_Жирные,Производство сырья Концентрат коксующегося угля_Коксовые,Производство сырья Концентрат коксующегося угля_Отощающие,Производство сырья Металлизованная продукция_ГБЖ,Производство сырья Металлизованная продукция_ПВЖ,Производство сырья Рядовой коксующийся уголь_Газовые,Производство сырья Рядовой коксующийся уголь_Жирные,Производство сырья Рядовой коксующийся уголь_Коксовые,Производство сырья Рядовой коксующийся уголь_Отощающие,Производство сырья Сталь_Конвертер,Производство сырья Сталь_Мартен,Производство сырья Сталь_Сталь всего,Производство сырья Сталь_Электропечь,Производство сырья Чугун_Чугун,ПотреблениеЖРС_Концентрат,ПотреблениеЖРС_Агломерат,ПотреблениеЖРС_Окатыши,ПотреблениеЖРС_Концентрат для дообогащения,ПотреблениеЖРС_Аглоруда,Поставки Сортовой прокат_Арматура,Поставки Сортовой прокат_Катанка,Поставки Сортовой прокат_Прутки прочие,Поставки Концентрат коксующегося угля_Жирные,Поставки Концентрат коксующегося угля_Коксовые,Поставки Концентрат коксующегося угля_Отощающие,Поставки Кокс_Кокс доменный,Поставки Чугун_Литейный чугун,Поставки Чугун_Передельный чугун,Поставки ЖРС_Агломерат,Поставки ЖРС_Аглоруда,Поставки ЖРС_Концентрат,Поставки ЖРС_Концентрат для дообогащения,Поставки ЖРС_Окатыши,Спрос ЖРС_Агломерат,Спрос ЖРС_Аглоруда,Спрос ЖРС_Концентрат,Спрос ЖРС_Концентрат для дообогащения,Спрос ЖРС_Окатыши,Спрос Металлизованная продукция_ГБЖ,Спрос Кокс_Кокс доменный,Спрос Концентрат коксующегося угля_Жирные,Спрос Концентрат коксующегося угля_Коксовые,Спрос Концентрат коксующегося угля_Отощающие,Импорт сырья ЖРС_Концентрат,Импорт сырья ЖРС_Окатыши,Импорт сырья Концентрат коксующегося угля_Жирные,Импорт сырья Концентрат коксующегося угля_Коксовые,Импорт арматуры Сортовой прокат_Арматура,Импорт арматуры Сортовой прокат_Катанка,Импорт арматуры Сортовой прокат_Прутки прочие,Экспорт сырья ЖРС_Агломерат,Экспорт сырья ЖРС_Аглоруда,Экспорт сырья ЖРС_Концентрат,Экспорт сырья ЖРС_Окатыши,Экспорт сырья Кокс_Кокс доменный,Экспорт сырья Кокс_Мелочь коксовая,Экспорт сырья Кокс_Орешек коксовый,Экспорт сырья Концентрат коксующегося угля_Жирные,Экспорт сырья Концентрат коксующегося угля_Коксовые,Экспорт сырья Концентрат коксующегося угля_Отощающие,Экспорт сырья Лом_Лом коррозионностойкой стали,Экспорт сырья Лом_Лом стальной,Экспорт сырья Лом_Лом чугуна,Экспорт сырья Металлизованная продукция_Всего отгружено с предприятия,Экспорт сырья Металлизованная продукция_ГБЖ,Экспорт сырья Чугун_Всего отгружено с предприятия,Экспорт сырья Чугун_Литейный чугун,Экспорт сырья Чугун_Передельный чугун,Экспорт арматуры Сортовой прокат_Арматура,Экспорт арматуры Сортовой прокат_Катанка,Экспорт арматуры Сортовой прокат_Прутки прочие,Цена на бензин,Цена на дт,"Концентрат коксующегося угля_Россия марка ОС FCA руб./т, без НДС","Лом_HMS 1/2 80:20, FOB EC Роттердам, $/т","Лом_3А, РФ CPT ж/д Южный ФО, руб./т, без НДС","Лом_3А, РФ CPT ж/д Сибирский ФО, руб./т, без НДС","Лом_3А, РФ CPT ж/д Центральный ФО, руб./т, без НДС","ЖРС_Китай Iron ore fines Fe 62%, CFR","Чугун_CFR Италия, $/т","Концентрат коксующегося угля_Россия марка КО FCA руб./т, без НДС","ЖРС_Российские окатыши Fe 62-65,5%, SiO2 5,8-8,65, DAP Забайкальск-Манжули, $/т","Лом_3А, РФ CPT авто Центральный ФО, руб./т, без НДС","Лом_3А, РФ CPT авто Уральский ФО, руб./т, без НДС","Лом_HMS 1/2 80:20, FOB США Восток, $/т","Лом_3А, FOB РФ Черное море, $/т","Чугун_FOB Бразилия Север, $/т","Лом_3А, РФ CPT авто Южный ФО, руб./т, без НДС","Лом_HMS 1/2 80:20, CFR ЮВА, $/т","Концентрат коксующегося угля_Россия марка КС FCA руб./т, без НДС","Лом_Б26 легированный (Ni 9,3%), РФ CPT, руб./т, без НДС","ГБЖ_Россия, FCA руб./т, без НДС","Лом_3А, РФ FCA ж/д респ. Татарстан, руб./т, без НДС","Чугун_FOB Бразилия Юг, $/т","ЖРС_Российский концентрат Fe 62,5-67,5%, SiO2 0,78-8,51, сухой вес, DAP Забайкальск-Манжули, $/т","Концентрат коксующегося угля_Россия марка К и смеси марок К, КО FCA руб./т, без НДС","Чугун_FOB Россия Дальневосточные порты, $/т","Кокс_Россия Урал Сибирь +25, FCA руб./т., без НДС","Лом_3А, РФ FCA ж/д Московский регион, руб./т, без НДС","Концентрат коксующегося угля_Россия марка Ж+ГЖ FCA руб./т, без НДС","Чугун_FOB Россия Черное море, $/т","Лом_3А, РФ FCA ж/д Кемеровская обл, руб./т, без НДС","ЖРС_Россия аглоруда Fe 52-60%, FCA руб./т, без НДС","ЖРС_Россия концентрат Fe 64-68%, FCA руб./т, без НДС","Чугун_Россия, FCA руб./т, без НДС","Концентрат коксующегося угля_HCC Австралия, $/t FOB","ЖРС_Россия окатыши Fe 62-65,5% FCA руб./т, без НДС","ГБЖ_CFR Италия, $/т","Лом_3А, РФ CPT ж/д Уральский ФО, руб./т, без НДС","Концентрат коксующегося угля_Россия марка Ж FCA руб./т, без НДС","Чугун_CFR Западная Европа, $/т","Лом_3А, РФ FCA ж/д Челябинская обл, руб./т, без НДС","Лом_3А, РФ FCA ж/д ХМАО, руб./т, без НДС","Лом_HMS 1/2 80:20, CFR Турция, $/т","Чугун_CFR Китай, $/т","Лом_3А, РФ FCA ж/д Самарская обл, руб./т, без НДС","Концентрат коксующегося угля_Средняя шихта Россия FCA руб./т, без НДС","Концентрат коксующегося угля_Россия марка ГЖ FCA руб./т, без НДС","Лом_3А, РФ FCA ж/д Нижегородская обл, руб./т, без НДС","Чугун_CFR NOLA США, $/т","Лом_3А, РФ FCA ж/д Новосибирская обл, руб./т, без НДС","Лом_3А, РФ FCA ж/д Свердловская обл, руб./т, без НДС","Чугун_CFR Турция, $/т","ЖРС_Средневзвешенная цена окатыши Fe 62-65,5%, Россия FCA руб./т, без НДС","ЖРС_Средневзвешенная цена концентрат Fe 64-68%, Россия FCA руб./т, без НДС","ЖРС_Средневзвешенная цена аглоруда Fe 52-60%, Россия FCA руб./т, без НДС","ЖРС_Средневзвешенная цена за 1 % Fe в аглоруде, Россия FCA руб./т, без НДС","ЖРС_Средневзвешенная цена за 1 % Fe в концентрате, Россия FCA руб./т, без НДС","ЖРС_Средневзвешенная цена за 1 % Fe в окатыши, Россия FCA руб./т, без НДС","ЖРС_Украинский концентрат Fe 65-68%,  DAP граница Украины с Европой,  $/т","ЖРС_Украинские окатыши Fe 65-66%, DAP граница Украины с Европой,  $/т"
2021-05-03,62500,40.751,27.53,987.5400000001076,201.7569999999968,2.3891,52.331737,31.49115,2.290940587,1.189297,3769.2,4968.1,1.91978113,223.405,198.589,100.58,5.0,74.77844,100.58,5.0,74.77844,655.0,302.0,231.0,4474.0,458.0,9071.0,513.0,4633.0,2104.0,3473.0,2007.0,389.0,378.0,262.0,408.0,5293.0,1933.0,1148.0,3999.0,118.0,6110.0,1993.0,4101.0,3248.0,304.0,2440.0,451.0,392.0,478.0,217.0,176.0,1450.0,1312.0,76.0,434.0,0.0,23.0,304.0,393.0,2839.0,451.0,2276.0,304.0,393.0,3249.0,451.0,2439.0,66.0,438.0,1536.0,1226.0,76.0,410.0,163.0,0.0,95.0,38.0,9.0,5.0,0.0,0.0,346.0,188.0,21.0,0.0,5.0,141.0,243.0,38.0,0.0,0.0,0.0,0.0,23.0,0.0,0.0,13.0,178.0,85.0,56.0,47.71,48.17,8600.0,405.0,28138.0,27722.0,27484.0,191.0,581.0,7150.0,228.0,,,415.0,400.0,560.0,,466.0,6250.0,,,27325.0,,166.0,9500.0,,21850.0,26450.0,8475.0,580.0,,4550.0,10375.0,37600.0,138.0,12825.0,440.0,29031.0,7800.0,,,,438.0,572.5,,7870.0,6650.0,,577.5,,,590.0,12736.0,10537.0,4439.0,70.0,160.0,205.0,183.5,222.5
2021-05-10,63500,,,,,,,,,,,,,,,,5.0,74.708175,,5.0,74.708175,,,,,,,,,,,,,,,,,,,,,,,,,,,,,,,,,,,,,,,,,,,,,,,,,,,,,,,,,,,,,,,,,,,,,,,,,,,,,,,,,,,8600.0,437.0,27905.0,27700.0,27155.0,197.0,607.5,7150.0,233.0,,,445.0,432.0,590.0,,471.0,6250.0,,,27092.0,,172.0,9500.0,,22250.0,26104.0,8475.0,600.0,,4675.0,10050.0,37600.0,140.0,14025.0,462.5,28821.0,7800.0,,,,470.0,595.0,,7870.0,6650.0,,617.5,,,613.5,12736.0,10537.0,4439.0,70.0,160.0,205.0,183.5,222.5
2021-05-17,67000,,,,,,,,,,,,,,,,5.0,74.137525,,5.0,74.137525,,,,,,,,,,,,,,,,,,,,,,,,,,,,,,,,,,,,,,,,,,,,,,,,,,,,,,,,,,,,,,,,,,,,,,,,,,,,,,,,,,,8600.0,471.0,27865.0,27883.0,27257.0,225.0,672.5,7150.0,256.0,,,480.0,467.0,630.0,,525.0,6250.0,,,27165.0,,200.0,9500.0,,22250.0,26160.0,8475.0,660.0,,4675.0,10050.0,37600.0,149.0,14025.0,497.5,29010.0,7800.0,,,,503.0,652.5,,7870.0,6650.0,,655.0,,,665.0,12736.0,10537.0,4439.0,70.0,160.0,205.0,183.5,222.5
2021-05-24,71900,,,,,,,,,,,,,,,,5.0,73.68234,,5.0,73.68234,,,,,,,,,,,,,,,,,,,,,,,,,,,,,,,,,,,,,,,,,,,,,,,,,,,,,,,,,,,,,,,,,,,,,,,,,,,,,,,,,,,8600.0,473.0,28524.0,28571.0,27865.0,213.0,675.0,7150.0,244.0,,,482.0,470.0,630.0,,535.0,6250.0,,,27588.0,,188.0,9500.0,,22250.0,26709.0,8475.0,640.0,,4675.0,10050.0,37600.0,165.0,14025.0,500.0,29303.0,7800.0,,,,507.0,665.0,,7870.0,6650.0,,657.5,,,670.0,12736.0,10537.0,4439.0,70.0,160.0,205.0,183.5,222.5
2021-05-31,71900,69.979,43.423,1071.832000000068,256.7329999999969,2.7115,79.63934,50.16415,2.67077519,1.328565,3745.23,4822.46,2.05919713,293.411,162.181,100.82,5.0,73.48832,100.82,5.0,73.48832,792.0,341.0,253.0,5033.0,420.0,10473.0,654.0,5225.0,2378.0,3147.0,2573.0,509.0,426.0,291.0,521.0,4595.0,2238.0,1513.0,4354.0,117.0,6718.0,2246.0,4675.0,3924.0,333.0,2841.0,545.0,436.0,600.0,191.0,190.0,1589.0,1513.0,83.0,430.0,2.0,25.0,333.0,435.0,3343.0,545.0,2670.0,333.0,435.0,3924.0,545.0,2842.0,77.0,434.0,1696.0,1406.0,83.0,581.0,172.0,0.0,131.0,31.0,1.0,5.0,0.0,0.0,369.0,164.0,25.0,2.0,4.0,118.0,354.0,0.0,0.0,0.0,0.0,0.0,30.0,0.0,6.0,154.0,193.0,150.0,60.0,48.12,48.37,8600.0,475.0,29326.0,28883.0,28807.0,189.0,672.5,7150.0,224.0,,,483.0,475.0,630.0,,518.0,6250.0,,,28134.0,,164.0,9500.0,,22250.0,27659.0,8475.0,640.0,,4675.0,10050.0,37600.0,180.0,14025.0,506.0,29809.0,7800.0,,,,510.0,635.0,,7870.0,6650.0,,657.5,,,667.5,13956.0,10279.0,4420.0,72.0,158.0,224.0,204.0,248.5
2021-06-07,72500,,,,,,,,,,,,,,,,5.0,73.31424,,5.0,73.31424,,,,,,,,,,,,,,,,,,,,,,,,,,,,,,,,,,,,,,,,,,,,,,,,,,,,,,,,,,,,,,,,,,,,,,,,,,,,,,,,,,,8600.0,468.0,29672.0,28805.0,29278.0,207.0,662.5,7150.0,241.0,,,478.0,468.0,620.0,,508.0,6250.0,,,28352.0,,182.0,9500.0,,24750.0,28162.0,8475.0,635.0,,5390.0,12000.0,38350.0,190.0,16750.0,501.5,30160.0,7800.0,,,,503.0,635.0,,7870.0,6650.0,,652.5,,,660.0,13956.0,10279.0,4420.0,72.0,158.0,224.0,204.0,248.5
2021-06-14,74000,,,,,,,,,,,,,,,,5.0,72.34299999999999,,5.0,72.34299999999999,,,,,,,,,,,,,,,,,,,,,,,,,,,,,,,,,,,,,,,,,,,,,,,,,,,,,,,,,,,,,,,,,,,,,,,,,,,,,,,,,,,8600.0,469.0,29561.0,28242.0,29330.0,213.0,656.0,7150.0,246.0,,,475.0,469.0,630.0,,515.0,6250.0,,,28373.0,,187.0,9500.0,,24750.0,28260.0,8475.0,635.0,,5390.0,12000.0,38350.0,196.0,16750.0,520.0,30148.0,7800.0,,,,504.0,635.0,,7870.0,6650.0,,669.5,,,653.5,13956.0,10279.0,4420.0,72.0,158.0,224.0,204.0,248.5
2021-06-21,74000,,,,,,,,,,,,,,,,5.5,72.147625,,5.5,72.147625,,,,,,,,,,,,,,,,,,,,,,,,,,,,,,,,,,,,,,,,,,,,,,,,,,,,,,,,,,,,,,,,,,,,,,,,,,,,,,,,,,,8600.0,463.0,29375.0,27722.0,29190.0,219.0,661.5,7150.0,253.0,,,461.0,465.0,630.0,,515.0,6250.0,,,28202.0,,192.0,9500.0,,24750.0,28003.0,8475.0,640.0,,5390.0,12000.0,38350.0,201.0,16750.0,520.0,30128.0,7800.0,,,,500.0,635.0,,7870.0,6650.0,,657.5,,,658.0,13956.0,10279.0,4420.0,72.0,158.0,224.0,204.0,248.5
2021-06-28,74000,,,,,,,,,,,,,,,,5.5,72.70545999999999,,5.5,72.70545999999999,,,,,,,,,,,,,,,,,,,,,,,,,,,,,,,,,,,,,,,,,,,,,,,,,,,,,,,,,,,,,,,,,,,,,,,,,,,,,,,,,,,8600.0,457.0,29065.0,26673.0,28969.0,214.0,655.0,7150.0,250.0,,,459.0,462.0,615.0,,513.0,6250.0,,,27807.0,,187.0,9500.0,,24750.0,27679.0,8475.0,605.0,,5390.0,12000.0,38350.0,211.0,16750.0,517.5,30111.0,7800.0,,,,497.0,635.0,,7870.0,6650.0,,642.5,,,652.5,16293.0,12288.0,5231.0,82.0,188.0,262.0,218.0,265.0
2021-07-05,74000,105.525,58.226,1495.350999999716,446.9529999999978,3.8468,125.5901,64.99075,3.98419935,1.942304,3790.64,5299.51,2.83792913,424.112,254.893,100.75,5.5,72.7599,100.75,5.5,72.7599,800.0,347.0,264.0,4891.0,460.0,10272.0,604.0,4981.0,2309.0,3227.0,2521.0,463.0,352.0,281.0,491.0,4518.0,2375.0,1323.0,4133.0,136.0,6430.0,2160.0,4479.0,3931.0,328.0,2910.0,541.0,491.0,620.0,200.0,193.0,1533.0,1459.0,95.0,460.0,2.0,26.0,328.0,491.0,3380.0,541.0,2632.0,328.0,491.0,3930.0,541.0,2832.0,55.0,467.0,1648.0,1344.0,95.0,550.0,278.0,0.0,93.0,26.0,0.0,5.0,0.0,0.0,357.0,326.0,16.0,1.0,4.0,157.0,383.0,0.0,0.0,0.0,0.0,0.0,20.0,0.0,7.0,47.0,178.0,146.0,71.0,48.25,48.39,11800.0,456.0,27776.0,25813.0,27889.0,218.0,660.0,10500.0,259.0,,,459.0,460.0,615.0,,518.0,9500.0,,,26924.0,,191.0,14500.0,,28500.0,26892.0,10150.0,600.0,,5475.0,12090.0,42500.0,220.0,16450.0,517.5,29662.0,10800.0,,,,498.0,635.0,,10930.0,9500.0,,641.5,,,670.0,16293.0,12288.0,5231.0,82.0,188.0,262.0,218.0,265.0
2021-07-12,73500,,,,,,,,,,,,,,,,5.5,74.06814,,5.5,74.06814,,,,,,,,,,,,,,,,,,,,,,,,,,,,,,,,,,,,,,,,,,,,,,,,,,,,,,,,,,,,,,,,,,,,,,,,,,,,,,,,,,,11800.0,453.0,26909.0,25816.0,27063.0,220.0,662.5,10500.0,260.0,,,457.0,458.0,615.0,,518.0,9500.0,,,26257.0,,193.0,14500.0,,28500.0,25966.0,10150.0,585.0,,5475.0,12090.0,42500.0,227.0,16450.0,512.5,28463.0,10800.0,,,,496.0,627.5,,10930.0,9500.0,,625.0,,,667.5,16293.0,12288.0,5231.0,82.0,188.0,262.0,218.0,265.0
2021-07-19,72500,,,,,,,,,,,,,,,,5.5,74.24028,,5.5,74.24028,,,,,,,,,,,,,,,,,,,,,,,,,,,,,,,,,,,,,,,,,,,,,,,,,,,,,,,,,,,,,,,,,,,,,,,,,,,,,,,,,,,11800.0,441.0,26080.0,25855.0,25804.0,220.0,658.5,10500.0,255.0,,,448.0,448.0,615.0,,508.0,9500.0,,,25358.0,,193.0,14500.0,,28500.0,24734.0,10150.0,605.0,,5475.0,12090.0,42500.0,233.0,16450.0,495.0,27589.0,10800.0,,,,486.0,627.5,,10930.0,9500.0,,632.5,,,645.0,16293.0,12288.0,5231.0,82.0,188.0,262.0,218.0,265.0
2021-07-26,71500,,,,,,,,,,,,,,,,5.7,74.15856,,5.7,74.15856,,,,,,,,,,,,,,,,,,,,,,,,,,,,,,,,,,,,,,,,,,,,,,,,,,,,,,,,,,,,,,,,,,,,,,,,,,,,,,,,,,,11800.0,437.0,26272.0,24580.0,26161.0,209.0,655.0,10500.0,241.0,,,445.0,440.0,605.0,,508.0,9500.0,,,24725.0,,182.0,14500.0,,28500.0,24714.0,10150.0,608.0,,5475.0,12090.0,42500.0,236.0,16450.0,487.5,26726.0,10800.0,,,,480.0,585.0,,10930.0,9500.0,,632.5,,,637.5,16162.0,12403.0,5313.0,87.0,187.0,260.0,211.0,268.0
2021-08-02,69500,125.093,88.93,1754.57599999952,573.1330000000075,4.855899999999999,182.176201,105.9659,4.933510301,2.327709,3853.3,5031.96,3.30228113,492.623,301.091,100.47,6.5,73.57662,100.47,6.5,73.57662,867.0,361.0,257.0,4957.0,507.0,10787.0,496.0,5205.0,2397.0,3171.0,2669.0,409.0,329.0,227.0,373.0,4473.0,2339.0,1401.0,4184.0,121.0,6562.0,2256.0,4630.0,3993.0,318.0,2898.0,525.0,469.0,691.0,219.0,193.0,1519.0,1721.0,131.0,456.0,0.0,29.0,318.0,470.0,3517.0,526.0,2603.0,318.0,470.0,3992.0,526.0,2803.0,50.0,454.0,1608.0,1632.0,131.0,475.0,293.0,0.0,81.0,43.0,0.0,8.0,0.0,0.0,376.0,254.0,16.0,8.0,9.0,116.0,210.0,0.0,0.0,0.0,0.0,0.0,20.0,0.0,9.0,46.0,177.0,141.0,63.0,48.52,48.59,11800.0,430.0,26890.0,23645.0,26351.0,196.0,647.5,10500.0,222.0,,,439.0,427.0,570.0,,503.0,9500.0,,,24886.0,,169.0,14500.0,,28500.0,25089.0,10150.0,590.0,,5475.0,12090.0,42500.0,240.0,16450.0,482.5,26656.0,10800.0,,,,472.0,585.0,,10930.0,9500.0,,607.5,,,635.0,16162.0,12403.0,5313.0,87.0,187.0,260.0,211.0,268.0
2021-08-09,66000,,,,,,,,,,,,,,,,6.5,72.99442,,6.5,72.99442,,,,,,,,,,,,,,,,,,,,,,,,,,,,,,,,,,,,,,,,,,,,,,,,,,,,,,,,,,,,,,,,,,,,,,,,,,,,,,,,,,,11800.0,424.0,27101.0,24491.0,26706.0,178.0,605.0,10500.0,199.0,,,424.0,417.0,550.0,,500.0,9500.0,,,25215.0,,151.0,14500.0,,28500.0,25589.0,10150.0,565.0,,5750.0,12715.0,42500.0,245.0,17750.0,472.5,26812.0,10800.0,,,,464.0,575.0,,10930.0,9500.0,,587.5,,,592.5,16162.0,12403.0,5313.0,87.0,187.0,260.0,211.0,268.0
2021-08-16,65000,,,,,,,,,,,,,,,,6.5,73.62254,,6.5,73.62254,,,,,,,,,,,,,,,,,,,,,,,,,,,,,,,,,,,,,,,,,,,,,,,,,,,,,,,,,,,,,,,,,,,,,,,,,,,,,,,,,,,11800.0,415.0,27849.0,24489.0,27356.0,163.0,577.5,10500.0,181.0,,,421.0,410.0,540.0,,495.0,9500.0,,,25672.0,,137.0,14500.0,,28500.0,26472.0,10150.0,540.0,,5750.0,12715.0,42500.0,252.0,17750.0,462.5,26824.0,10800.0,,,,457.0,555.0,,10930.0,9500.0,,586.0,,,577.5,16162.0,12403.0,5313.0,87.0,187.0,260.0,211.0,268.0
2021-08-23,63500,,,,,,,,,,,,,,,,6.5,73.76898,,6.5,73.76898,,,,,,,,,,,,,,,,,,,,,,,,,,,,,,,,,,,,,,,,,,,,,,,,,,,,,,,,,,,,,,,,,,,,,,,,,,,,,,,,,,,11800.0,410.0,27941.0,24136.0,27394.0,149.0,567.5,10500.0,167.0,,,415.0,400.0,500.0,,500.0,9500.0,,,26077.0,,123.0,14500.0,,28500.0,26514.0,10150.0,500.0,,5750.0,12715.0,42500.0,261.0,17750.0,452.5,26890.0,10800.0,,,,452.0,545.0,,10930.0,9500.0,,562.5,,,562.5,16162.0,12403.0,5313.0,87.0,187.0,260.0,211.0,268.0
2021-08-30,62000,,,,,,,,,,,,,,,,6.5,73.94666,,6.5,73.94666,,,,,,,,,,,,,,,,,,,,,,,,,,,,,,,,,,,,,,,,,,,,,,,,,,,,,,,,,,,,,,,,,,,,,,,,,,,,,,,,,,,11800.0,406.0,28185.0,24175.0,27420.0,149.0,552.5,10500.0,163.0,,,413.0,396.0,485.0,,500.0,9500.0,,,25998.0,,123.0,14500.0,,28500.0,26654.0,10150.0,500.0,,5750.0,12715.0,42500.0,280.0,17750.0,447.5,26960.0,10800.0,,,,448.0,535.0,,10930.0,9500.0,,531.0,,,537.5,17343.0,12649.0,5581.0,97.0,192.0,278.0,153.0,211.5
2021-09-06,59000,124.438,112.454,1859.548999999406,659.9290000000082,5.724,193.68106,141.09315,5.76268791,2.519478,3915.07,5240.72,3.78813213,562.724,303.961,100.59,6.5,73.14946,100.59,6.5,73.14946,855.0,288.0,257.0,4775.0,502.0,10159.0,613.0,4883.0,2329.0,3175.0,2068.0,406.0,370.0,281.0,408.0,4222.0,1873.0,1196.0,4132.0,146.0,6545.0,2266.0,4503.0,3743.0,329.0,2839.0,472.0,432.0,721.0,213.0,199.0,1510.0,1476.0,103.0,479.0,0.0,29.0,328.0,431.0,3266.0,472.0,2503.0,328.0,431.0,3743.0,472.0,2731.0,79.0,478.0,1623.0,1334.0,103.0,477.0,336.0,0.0,96.0,37.0,0.0,3.0,0.0,0.0,383.0,235.0,32.0,13.0,13.0,90.0,194.0,0.0,0.0,0.0,0.0,0.0,20.0,0.0,1.0,36.0,133.0,75.0,57.0,48.8,48.78,11800.0,405.0,28241.0,24250.0,27418.0,148.0,498.5,10500.0,160.0,,,413.0,394.0,480.0,,483.0,9500.0,,,25879.0,,122.0,14500.0,,28500.0,26541.0,10150.0,505.0,,4675.0,10365.0,40000.0,306.0,15600.0,445.5,27339.0,10800.0,,,,446.0,535.0,,10930.0,9500.0,,531.0,,,537.5,17343.0,12649.0,5581.0,97.0,192.0,278.0,153.0,211.5
2021-09-13,56500,,,,,,,,,,,,,,,,6.55,73.09515999999999,,6.55,73.09515999999999,,,,,,,,,,,,,,,,,,,,,,,,,,,,,,,,,,,,,,,,,,,,,,,,,,,,,,,,,,,,,,,,,,,,,,,,,,,,,,,,,,,11800.0,401.0,28233.0,24106.0,27219.0,132.0,500.0,10500.0,146.0,,,409.0,390.0,480.0,,483.0,9500.0,,,25793.0,,106.0,14500.0,,28500.0,26413.0,10150.0,470.0,,4675.0,10365.0,40000.0,349.0,15600.0,442.5,27259.0,10800.0,,,,443.0,542.5,,10930.0,9500.0,,531.0,,,537.5,17343.0,12649.0,5581.0,97.0,192.0,278.0,153.0,211.5
2021-09-20,55000,,,,,,,,,,,,,,,,6.75,72.72926,,6.75,72.72926,,,,,,,,,,,,,,,,,,,,,,,,,,,,,,,,,,,,,,,,,,,,,,,,,,,,,,,,,,,,,,,,,,,,,,,,,,,,,,,,,,,11800.0,392.0,27854.0,24607.0,26724.0,113.0,501.5,10500.0,136.0,,,405.0,386.0,480.0,,498.0,9500.0,,,25523.0,,88.0,14500.0,,28500.0,26108.0,10150.0,475.0,,4675.0,10365.0,40000.0,407.0,15600.0,441.0,26988.0,10800.0,,,,439.0,547.5,,10930.0,9500.0,,530.0,,,537.5,17343.0,12649.0,5581.0,97.0,192.0,278.0,153.0,211.5
2021-09-27,54000,,,,,,,,,,,,,,,,6.75,73.03028,,6.75,73.03028,,,,,,,,,,,,,,,,,,,,,,,,,,,,,,,,,,,,,,,,,,,,,,,,,,,,,,,,,,,,,,,,,,,,,,,,,,,,,,,,,,,11800.0,388.0,27166.0,24138.0,26251.0,103.0,497.5,10500.0,135.0,,,401.0,386.0,470.0,,500.0,9500.0,,,25059.0,,78.0,14500.0,,28500.0,25488.0,10150.0,498.0,,4675.0,10365.0,40000.0,447.0,15600.0,441.0,26703.0,10800.0,,,,438.0,550.0,,10930.0,9500.0,,535.0,,,532.5,15503.0,10349.0,4482.0,81.0,159.0,249.0,107.0,163.5
2021-10-04,56800,125.669,143.621,1998.190999999384,813.5180000000112,6.401,217.01054,171.1804,6.67483014,2.811709,3966.72,5163.410000000001,4.29616013,580.444,345.532,100.81,6.75,72.70322,100.81,6.75,72.70322,872.0,379.0,251.0,4981.0,508.0,10483.0,646.0,5123.0,2397.0,3290.0,2010.0,433.0,420.0,294.0,429.0,4211.0,1788.0,1266.0,4096.0,119.0,6431.0,2217.0,4542.0,3780.0,334.0,2969.0,512.0,467.0,676.0,182.0,167.0,1639.0,1507.0,107.0,435.0,0.0,23.0,334.0,468.0,3301.0,511.0,2598.0,334.0,468.0,3780.0,511.0,2837.0,100.0,433.0,1777.0,1319.0,107.0,479.0,370.0,0.0,48.0,30.0,2.0,6.0,0.0,5.0,505.0,341.0,26.0,10.0,0.0,75.0,170.0,0.0,0.0,0.0,0.0,0.0,20.0,0.0,1.0,90.0,196.0,195.0,85.0,49.52,49.3,11800.0,385.0,26784.0,23908.0,25750.0,116.0,550.0,10500.0,152.0,,,398.0,386.0,470.0,,500.0,9500.0,,,24722.0,,91.0,14500.0,,28500.0,25050.0,10150.0,478.0,,4675.0,10365.0,40000.0,448.0,15600.0,437.5,26496.0,10800.0,,,,435.0,550.0,,10930.0,9500.0,,535.5,,,534.0,15503.0,10349.0,4482.0,81.0,159.0,249.0,107.0,163.5
2021-10-11,59000,,,,,,,,,,,,,,,,6.75,72.46686,,6.75,72.46686,,,,,,,,,,,,,,,,,,,,,,,,,,,,,,,,,,,,,,,,,,,,,,,,,,,,,,,,,,,,,,,,,,,,,,,,,,,,,,,,,,,21250.0,397.0,26523.0,24028.0,25604.0,119.0,557.5,19000.0,158.0,,,410.0,402.0,485.0,,508.0,16350.0,,,24681.0,,94.0,26000.0,,40500.0,24896.0,17500.0,500.0,,3585.0,7650.0,38500.0,449.0,13300.0,452.5,26474.0,21250.0,,,,449.0,557.5,,19510.0,17000.0,,532.5,,,557.5,15503.0,10349.0,4482.0,81.0,159.0,249.0,107.0,163.5
2021-10-18,64000,,,,,,,,,,,,,,,,6.75,71.67936,,6.75,71.67936,,,,,,,,,,,,,,,,,,,,,,,,,,,,,,,,,,,,,,,,,,,,,,,,,,,,,,,,,,,,,,,,,,,,,,,,,,,,,,,,,,,21250.0,427.0,26086.0,24275.0,25157.0,128.0,562.5,19000.0,180.0,,,436.0,432.0,500.0,,528.0,16350.0,,,24534.0,,114.5,26000.0,,40500.0,24515.0,17500.0,515.0,,3585.0,7650.0,38500.0,455.0,13300.0,473.5,26537.0,21250.0,,,,480.0,567.5,,19510.0,17000.0,,545.0,,,565.0,15503.0,10349.0,4482.0,81.0,159.0,249.0,107.0,163.5
2021-10-25,73000,,,,,,,,,,,,,,,,6.9,71.0094,,6.9,71.0094,,,,,,,,,,,,,,,,,,,,,,,,,,,,,,,,,,,,,,,,,,,,,,,,,,,,,,,,,,,,,,,,,,,,,,,,,,,,,,,,,,,21250.0,448.0,26593.0,24629.0,25936.0,122.0,577.5,19000.0,179.0,,,450.0,451.0,510.0,,544.0,16350.0,,,25363.0,,109.5,26000.0,,40500.0,25359.0,17500.0,540.0,,3585.0,7650.0,38500.0,455.0,13300.0,493.5,27467.0,21250.0,,,,500.0,567.5,,19510.0,17000.0,,555.0,,,577.5,15503.0,10349.0,4482.0,81.0,159.0,249.0,107.0,163.5
2021-11-01,77000,122.03,129.403,1889.195999999437,989.2970000000084,6.6908,232.288189,153.85006,6.881838129,2.878493,4035.6,5426.48,5.77362513,1082.764,373.798,100.85,7.5,70.10764,100.85,7.5,70.10764,789.0,310.0,206.0,4742.0,498.0,10243.0,599.0,4940.0,2353.0,3287.0,2114.0,430.0,315.0,217.0,414.0,4252.0,1729.0,1414.0,3881.0,150.0,6188.0,2156.0,4280.0,3672.0,335.0,2810.0,500.0,455.0,694.0,211.0,180.0,1629.0,1672.0,110.0,381.0,0.0,32.0,335.0,456.0,3230.0,500.0,2537.0,335.0,456.0,3675.0,500.0,2726.0,49.0,379.0,1730.0,1521.0,110.0,445.0,270.0,0.0,42.0,18.0,1.0,3.0,0.0,4.0,540.0,354.0,69.0,4.0,7.0,105.0,147.0,0.0,0.0,0.0,0.0,0.0,20.0,0.0,0.0,16.0,97.0,98.0,26.0,49.6,49.34,21250.0,446.0,27708.0,24737.0,27341.0,116.0,577.5,19000.0,177.0,,,450.0,450.0,515.0,,550.0,16350.0,,,26648.0,,103.5,26000.0,,40500.0,26592.0,17500.0,545.0,,3585.0,7650.0,38500.0,456.0,13300.0,493.5,28334.0,21250.0,,,,501.0,552.5,,19510.0,17000.0,,572.5,,,580.0,12987.0,7857.0,3460.0,68.0,119.0,207.0,105.0,149.0
2021-11-08,79000,,,,,,,,,,,,,,,,7.5,71.35073333333334,,7.5,71.35073333333334,,,,,,,,,,,,,,,,,,,,,,,,,,,,,,,,,,,,,,,,,,,,,,,,,,,,,,,,,,,,,,,,,,,,,,,,,,,,,,,,,,,22750.0,441.0,28831.0,24893.0,28389.0,98.0,580.0,19000.0,161.0,,,453.0,446.0,510.0,,541.0,16350.0,,,27498.0,,85.5,26000.0,,42500.0,27446.0,17500.0,530.0,,3140.0,6125.0,39250.0,459.0,10550.0,492.5,28778.0,21250.0,,,,497.0,542.5,,19630.0,17000.0,,565.0,,,577.5,12987.0,7857.0,3460.0,68.0,119.0,207.0,105.0,149.0
2021-11-15,78000,,,,,,,,,,,,,,,,7.5,71.27745999999999,,7.5,71.27745999999999,,,,,,,,,,,,,,,,,,,,,,,,,,,,,,,,,,,,,,,,,,,,,,,,,,,,,,,,,,,,,,,,,,,,,,,,,,,,,,,,,,,22750.0,445.0,29339.0,25638.0,28841.0,92.0,580.0,19000.0,154.0,,,456.0,446.0,510.0,,528.0,16350.0,,,28006.0,,82.5,26000.0,,42500.0,28100.0,17500.0,545.0,,3140.0,6125.0,39250.0,438.0,10550.0,497.5,29351.0,21250.0,,,,499.0,542.5,,19630.0,17000.0,,565.0,,,582.5,12987.0,7857.0,3460.0,68.0,119.0,207.0,105.0,149.0
2021-11-22,72500,,,,,,,,,,,,,,,,7.5,72.60288,,7.5,72.60288,,,,,,,,,,,,,,,,,,,,,,,,,,,,,,,,,,,,,,,,,,,,,,,,,,,,,,,,,,,,,,,,,,,,,,,,,,,,,,,,,,,22750.0,443.0,30104.0,25790.0,29662.0,90.0,579.0,19000.0,148.0,,,458.0,444.0,515.0,,528.0,16350.0,,,28584.0,,80.5,26000.0,,42500.0,29015.0,17500.0,540.0,,3140.0,6125.0,39250.0,392.0,10550.0,497.5,30195.0,21250.0,,,,498.0,515.0,,19630.0,17000.0,,565.0,,,582.5,12987.0,7857.0,3460.0,68.0,119.0,207.0,105.0,149.0
2021-11-29,64000,,,,,,,,,,,,,,,,7.5,74.56872,,7.5,74.56872,,,,,,,,,,,,,,,,,,,,,,,,,,,,,,,,,,,,,,,,,,,,,,,,,,,,,,,,,,,,,,,,,,,,,,,,,,,,,,,,,,,22750.0,438.0,30914.0,26133.0,30376.0,99.0,572.5,19000.0,146.0,,,453.0,438.0,510.0,,530.0,16350.0,,,29414.0,,89.5,26000.0,,42500.0,29906.0,17500.0,520.0,,3140.0,6125.0,39250.0,346.0,10550.0,492.5,30842.0,21250.0,,,,492.0,505.0,,19630.0,17000.0,,555.0,,,571.5,10753.0,6282.0,3088.0,63.0,96.0,172.0,85.0,137.0
2021-12-06,61500,111.634,120.585,1844.533999999518,928.1440000000036,6.6463,209.976386,142.03255,6.780343836,2.772678,4097.58,5323.64,5.94379713,1115.723,380.008,101.14,7.5,74.33106000000001,101.14,7.5,74.33106000000001,792.0,316.0,246.0,4673.0,461.0,9908.0,645.0,4811.0,2284.0,3476.0,2098.0,438.0,274.0,287.0,431.0,4291.0,1494.0,1701.0,3835.0,117.0,6028.0,2076.0,4282.0,3545.0,324.0,2660.0,514.0,459.0,641.0,199.0,158.0,1517.0,1567.0,110.0,384.0,0.0,23.0,324.0,459.0,3081.0,513.0,2385.0,324.0,459.0,3542.0,513.0,2585.0,37.0,381.0,1624.0,1418.0,110.0,461.0,274.0,0.0,46.0,25.0,1.0,5.0,0.0,16.0,449.0,184.0,39.0,4.0,4.0,115.0,104.0,0.0,0.0,0.0,0.0,0.0,20.0,0.0,7.0,25.0,152.0,116.0,87.0,49.92,49.76,20250.0,430.0,31202.0,26178.0,30713.0,100.0,572.5,17000.0,143.0,,,445.0,428.0,510.0,,530.0,15500.0,,,29724.0,,89.5,23500.0,,42500.0,30184.0,16500.0,525.0,,2665.0,5525.0,39250.0,326.0,8950.0,482.5,31083.0,19500.0,,,,484.0,500.0,,18050.0,15250.0,,547.5,,,560.0,10753.0,6282.0,3088.0,63.0,96.0,172.0,85.0,137.0
2021-12-13,60500,,,,,,,,,,,,,,,,7.5,73.77206,,7.5,73.77206,,,,,,,,,,,,,,,,,,,,,,,,,,,,,,,,,,,,,,,,,,,,,,,,,,,,,,,,,,,,,,,,,,,,,,,,,,,,,,,,,,,20250.0,417.0,30750.0,26031.0,30050.0,105.0,557.5,17000.0,152.0,,,431.0,415.0,510.0,,528.0,15500.0,,,28958.0,,94.5,23500.0,,42500.0,29578.0,16500.0,515.0,,2665.0,5525.0,39250.0,337.0,8950.0,467.5,30275.0,19500.0,,,,471.0,495.0,,18050.0,15250.0,,557.0,,,545.0,10753.0,6282.0,3088.0,63.0,96.0,172.0,85.0,137.0
2021-12-20,61500,,,,,,,,,,,,,,,,7.7,73.60706,,7.7,73.60706,,,,,,,,,,,,,,,,,,,,,,,,,,,,,,,,,,,,,,,,,,,,,,,,,,,,,,,,,,,,,,,,,,,,,,,,,,,,,,,,,,,20250.0,414.0,29870.0,25299.0,29447.0,112.0,552.5,17000.0,159.0,,,425.0,410.0,505.0,,520.0,15500.0,,,28299.0,,101.5,23500.0,,42500.0,28862.0,16500.0,510.0,,2665.0,5525.0,39250.0,338.0,8950.0,467.5,29555.0,19500.0,,,,467.0,505.0,,18050.0,15250.0,,550.0,,,535.0,10753.0,6282.0,3088.0,63.0,96.0,172.0,85.0,137.0
2021-12-27,62500,,,,,,,,,,,,,,,,8.5,73.69046,,8.5,73.69046,,,,,,,,,,,,,,,,,,,,,,,,,,,,,,,,,,,,,,,,,,,,,,,,,,,,,,,,,,,,,,,,,,,,,,,,,,,,,,,,,,,20250.0,416.0,29631.0,24741.0,28941.0,124.0,547.5,17000.0,173.0,,,422.0,413.0,505.0,,512.0,15500.0,,,27848.0,,0.0,23500.0,,42500.0,28419.0,16500.0,510.0,,2665.0,5525.0,39250.0,341.0,8950.0,462.5,29024.0,19500.0,,,,461.0,505.0,,18050.0,15250.0,,550.0,,,535.0,9244.0,5901.0,2687.0,55.0,88.0,148.0,106.0,151.5
2022-01-03,63500,97.011,112.507,1689.872999999587,789.1470000000025,6.1945,178.660367,132.23975,6.386420617000001,2.47902,4172.67,5397.43,5.96597313,1090.623,361.167,100.63,8.5,73.6682,100.63,8.5,73.6682,884.0,332.0,222.0,5046.0,508.0,10249.0,659.0,5228.0,2371.0,4056.0,2262.0,531.0,395.0,299.0,437.0,5032.0,1715.0,1758.0,4299.0,172.0,6522.0,2050.0,4650.0,3481.0,348.0,3015.0,379.0,464.0,733.0,258.0,178.0,1677.0,1417.0,151.0,450.0,0.0,44.0,349.0,464.0,3020.0,379.0,2791.0,349.0,464.0,3482.0,379.0,2979.0,45.0,448.0,1784.0,1269.0,151.0,462.0,223.0,0.0,35.0,15.0,1.0,4.0,0.0,20.0,519.0,235.0,30.0,2.0,0.0,136.0,140.0,0.0,0.0,0.0,0.0,0.0,20.0,0.0,0.0,36.0,152.0,72.0,48.0,50.26,51.04,20250.0,418.0,29121.0,24326.0,28566.0,118.0,547.5,17000.0,168.5,,,424.0,415.0,505.0,,500.0,15500.0,,,27215.0,,107.0,23500.0,,42500.0,27969.0,16500.0,510.0,,2665.0,5525.0,39250.0,346.0,8950.0,462.5,28407.0,19500.0,,,,463.0,505.0,,18050.0,15250.0,,545.0,,,535.0,9244.0,5901.0,2687.0,55.0,88.0,148.0,106.0,151.5
2022-01-10,63500,,,,,,,,,,,,,,,,8.5,,,8.5,,,,,,,,,,,,,,,,,,,,,,,,,,,,,,,,,,,,,,,,,,,,,,,,,,,,,,,,,,,,,,,,,,,,,,,,,,,,,,,,,,,,20250.0,419.0,28826.0,24255.0,28615.0,125.0,540.0,17000.0,170.5,27450.0,27950.0,425.0,416.0,495.0,28000.0,500.0,15500.0,,,26977.0,,114.5,23500.0,,42500.0,27830.0,16500.0,500.0,,2825.0,6575.0,39000.0,353.0,9900.0,462.5,28802.0,19500.0,,,,465.0,535.0,,18050.0,15250.0,,535.0,,,530.0,9244.0,5901.0,2687.0,55.0,88.0,148.0,106.0,151.5
2022-01-17,63700,,,,,,,,,,,,,,,,8.5,74.96602,,8.5,74.96602,,,,,,,,,,,,,,,,,,,,,,,,,,,,,,,,,,,,,,,,,,,,,,,,,,,,,,,,,,,,,,,,,,,,,,,,,,,,,,,,,,,20250.0,430.0,29086.0,25878.0,28751.0,128.0,547.5,17000.0,176.5,27450.0,27950.0,440.0,425.0,500.0,27650.0,510.0,15500.0,,,27257.0,,117.5,23500.0,,42500.0,27934.0,16500.0,515.0,,2825.0,6575.0,39000.0,388.0,9900.0,467.5,28622.0,19500.0,,,,471.0,542.5,,18050.0,15250.0,,535.0,,,537.5,9244.0,5901.0,2687.0,55.0,88.0,148.0,106.0,151.5
2022-01-24,62500,,,,,,,,,,,,,,,,8.5,76.47518,,8.5,76.47518,,,,,,,,,,,,,,,,,,,,,,,,,,,,,,,,,,,,,,,,,,,,,,,,,,,,,,,,,,,,,,,,,,,,,,,,,,,,,,,,,,,20250.0,430.0,28955.0,25949.0,28321.0,131.0,547.5,17000.0,183.5,26950.0,27950.0,435.0,425.0,510.0,27650.0,518.0,15500.0,,,27140.0,,120.5,23500.0,,42500.0,27651.0,16500.0,520.0,,2825.0,6575.0,39000.0,415.0,9900.0,467.5,28389.0,19500.0,,,,470.0,552.5,,18050.0,15250.0,,537.5,,,545.0,9244.0,5901.0,2687.0,55.0,88.0,148.0,106.0,151.5
2022-01-31,62900,105.816,102.736,1778.071999999574,600.255999999998,6.0097,201.859649,119.81899,6.036640659000001,2.378328,4231.15,5480.04,5.60876613,1085.405,334.512,100.82,8.5,78.34304,100.82,8.5,78.34304,853.0,312.0,249.0,4709.0,496.0,10125.0,607.0,4897.0,2242.0,4341.0,2027.0,544.0,374.0,288.0,536.0,5274.0,1662.0,1502.0,4180.0,119.0,6430.0,2129.0,4545.0,3420.0,340.0,3111.0,574.0,467.0,729.0,266.0,210.0,1803.0,1339.0,104.0,500.0,0.0,45.0,340.0,468.0,2973.0,574.0,2860.0,340.0,468.0,3418.0,574.0,3048.0,53.0,497.0,1892.0,1200.0,104.0,445.0,253.0,0.0,33.0,55.0,15.0,7.0,0.0,16.0,497.0,232.0,13.0,0.0,3.0,88.0,161.0,0.0,0.0,0.0,0.0,0.0,15.0,0.0,0.0,0.0,125.0,46.0,39.0,50.67,52.12,20250.0,429.0,29396.0,25683.0,28816.0,139.0,547.5,17000.0,190.5,26950.0,28150.0,438.0,425.0,510.0,29500.0,530.0,15500.0,,,27624.0,,128.5,23500.0,,42500.0,27972.0,16500.0,530.0,,2825.0,6575.0,39000.0,428.0,9900.0,470.0,28807.0,19500.0,,,,470.0,552.5,,18050.0,15250.0,,537.5,,,567.5,9728.0,6527.0,2852.0,59.0,99.0,156.0,136.0,184.5
2022-02-07,65000,,,,,,,,,,,,,,,,8.5,76.75726,,8.5,76.75726,,,,,,,,,,,,,,,,,,,,,,,,,,,,,,,,,,,,,,,,,,,,,,,,,,,,,,,,,,,,,,,,,,,,,,,,,,,,,,,,,,,22250.0,450.0,30752.0,26372.0,30282.0,145.0,580.0,18750.0,197.5,29300.0,28350.0,462.0,445.0,535.0,29500.0,535.0,16750.0,,,28859.0,,134.5,26000.0,,42500.0,29440.0,21800.0,555.0,,3365.0,8135.0,40500.0,428.0,11845.0,492.5,30078.0,24000.0,,,,490.0,552.5,,21370.0,19600.0,,550.0,,,582.5,9728.0,6527.0,2852.0,59.0,99.0,156.0,136.0,184.5
2022-02-14,65500,,,,,,,,,,,,,,,,8.7,75.09942,,8.7,75.09942,,,,,,,,,,,,,,,,,,,,,,,,,,,,,,,,,,,,,,,,,,,,,,,,,,,,,,,,,,,,,,,,,,,,,,,,,,,,,,,,,,,22250.0,464.0,32114.0,27970.0,31346.0,150.0,592.5,18750.0,200.5,30300.0,29800.0,474.0,458.0,545.0,30500.0,555.0,16750.0,,,29977.0,,144.5,26000.0,,42500.0,30598.0,21800.0,570.0,,3365.0,8135.0,40500.0,422.0,11845.0,502.5,31458.0,24000.0,,,,503.0,565.0,,21370.0,19600.0,,560.0,,,594.0,9728.0,6527.0,2852.0,59.0,99.0,156.0,136.0,184.5
2022-02-21,69000,,,,,,,,,,,,,,,,9.5,75.85418,,9.5,75.85418,,,,,,,,,,,,,,,,,,,,,,,,,,,,,,,,,,,,,,,,,,,,,,,,,,,,,,,,,,,,,,,,,,,,,,,,,,,,,,,,,,,22250.0,466.0,32898.0,28335.0,32085.0,138.0,620.0,18750.0,187.5,30600.0,30850.0,477.0,460.0,560.0,32000.0,560.0,16750.0,,,30930.0,,132.5,26000.0,,42500.0,31407.0,21800.0,585.0,,3365.0,8135.0,40500.0,418.0,11845.0,507.5,32417.0,24000.0,,,,506.0,570.0,,21370.0,19600.0,,592.5,,,615.0,9728.0,6527.0,2852.0,59.0,99.0,156.0,136.0,184.5
2022-02-28,78000,103.235327,68.55360000000002,1645.572099999966,351.0131019999995,4.8897,162.411976,77.51407000000003,4.864497906,1.996585201999999,4273.63,5303.55,4.173569,916.076,318.986,101.04,11.6,81.91595,101.04,11.6,81.91595,835.0,326.0,257.0,5072.0,504.0,10157.0,677.0,5077.0,2318.0,3981.0,2163.0,467.0,415.0,295.0,415.0,5679.0,1612.0,1609.0,4200.0,136.0,6481.0,2144.0,4610.0,3715.0,321.0,3094.0,498.0,496.0,740.0,244.0,187.0,1646.0,1414.0,124.0,543.0,0.0,69.0,321.0,496.0,3236.0,498.0,2806.0,321.0,496.0,3713.0,498.0,3023.0,69.0,541.0,1746.0,1314.0,124.0,477.0,287.0,0.0,60.0,45.0,1.0,5.0,0.0,20.0,188.0,268.0,20.0,3.0,9.0,130.0,179.0,0.0,0.0,0.0,0.0,0.0,15.0,0.0,10.0,17.0,96.0,82.0,70.0,51.53,53.39,22250.0,469.0,33913.0,28968.0,33041.0,137.0,625.0,18750.0,185.5,31450.0,31100.0,477.0,460.0,610.0,32600.0,568.0,16750.0,,,31875.0,,131.5,26000.0,,42500.0,32437.0,21800.0,585.0,,3365.0,8135.0,40500.0,427.0,11845.0,512.5,33208.0,24000.0,,,,509.0,565.0,,21370.0,19600.0,,627.5,,,620.0,11355.0,7823.0,3405.0,67.0,118.0,182.0,146.0,195.5
2022-03-07,77000,,,,,,,,,,,,,,,,20.0,101.98908333333333,,20.0,101.98908333333333,,,,,,,,,,,,,,,,,,,,,,,,,,,,,,,,,,,,,,,,,,,,,,,,,,,,,,,,,,,,,,,,,,,,,,,,,,,,,,,,,,,22250.0,524.0,35186.0,31048.0,34263.0,147.0,707.5,18750.0,197.5,31100.0,31500.0,534.0,497.0,710.0,32550.0,575.0,16750.0,,,32402.0,,144.5,26000.0,,42500.0,32619.0,21800.0,680.0,,4375.0,9660.0,39500.0,456.0,13800.0,590.0,34466.0,24000.0,,,,567.0,595.0,,21370.0,19600.0,,747.5,,,722.5,11355.0,7823.0,3405.0,67.0,118.0,182.0,146.0,195.5
2022-03-14,74000,,,,,,,,,,,,,,,,20.0,117.7383,,20.0,117.7383,,,,,,,,,,,,,,,,,,,,,,,,,,,,,,,,,,,,,,,,,,,,,,,,,,,,,,,,,,,,,,,,,,,,,,,,,,,,,,,,,,,22250.0,604.0,32835.0,31137.0,32912.0,159.0,790.0,18750.0,214.0,27350.0,30000.0,610.0,578.0,860.0,30400.0,598.0,16750.0,,,31181.0,,156.0,26000.0,,42500.0,30755.0,21800.0,761.0,,4375.0,9660.0,39500.0,577.0,13800.0,646.5,33349.0,24000.0,,,,648.0,610.0,,21370.0,19600.0,,882.5,,,804.0,11355.0,7823.0,3405.0,67.0,118.0,182.0,146.0,195.5
2022-03-21,67000,,,,,,,,,,,,,,,,20.0,108.69685999999999,,20.0,108.69685999999999,,,,,,,,,,,,,,,,,,,,,,,,,,,,,,,,,,,,,,,,,,,,,,,,,,,,,,,,,,,,,,,,,,,,,,,,,,,,,,,,,,,22250.0,614.0,29971.0,27892.0,29736.0,145.0,785.0,18750.0,201.0,27250.0,28750.0,619.0,588.0,960.0,28900.0,640.0,16750.0,,,28228.0,,142.0,26000.0,,42500.0,28469.0,21800.0,761.0,,4375.0,9660.0,39500.0,597.0,13800.0,657.5,30238.0,24000.0,,,,658.0,675.0,,21370.0,19600.0,,1000.0,,,785.0,11355.0,7823.0,3405.0,67.0,118.0,182.0,146.0,195.5
2022-03-28,69500,,,,,,,,,,,,,,,,20.0,100.72508,,20.0,100.72508,,,,,,,,,,,,,,,,,,,,,,,,,,,,,,,,,,,,,,,,,,,,,,,,,,,,,,,,,,,,,,,,,,,,,,,,,,,,,,,,,,,22250.0,610.0,27675.0,27476.0,27559.0,147.0,855.0,18750.0,200.0,25100.0,26950.0,612.0,587.0,960.0,27750.0,658.0,16750.0,,,26485.0,,144.0,26000.0,,42500.0,26492.0,21800.0,780.0,,4375.0,9660.0,39500.0,536.0,13800.0,657.5,28568.0,24000.0,,,,657.0,610.0,,21370.0,19600.0,,1000.0,,,725.0,13189.0,9164.0,4181.0,79.0,139.0,211.0,146.0,198.5
2022-04-04,69500,73.91136800000005,68.357207,1280.205140000011,273.7097270000016,3.7076,121.298868,75.50438700000002,3.642894481,1.553980343000001,4312.66,5201.73,3.35672867,515.03,247.05,109.05,20.0,86.18402,109.05,20.0,86.18402,784.0,284.0,233.0,5112.0,514.0,10288.0,529.0,5127.0,2400.0,4455.0,2260.0,490.0,460.0,296.0,540.0,5037.0,1441.0,1725.0,4130.0,122.0,6347.0,2096.0,4594.0,4330.0,378.0,3456.0,620.0,573.0,661.0,211.0,184.0,1607.0,1351.0,78.0,478.0,0.0,24.0,378.0,573.0,3816.0,621.0,3234.0,378.0,573.0,4331.0,621.0,3410.0,57.0,476.0,1694.0,1264.0,78.0,515.0,222.0,0.0,55.0,65.0,6.0,6.0,0.0,12.0,231.0,460.0,26.0,0.0,6.0,117.0,188.0,0.0,0.0,0.0,0.0,0.0,18.0,0.0,0.0,7.0,124.0,74.0,48.0,51.54,53.79,22250.0,605.0,26916.0,26778.0,26627.0,156.0,845.0,18750.0,205.0,24100.0,25600.0,610.0,584.0,960.0,27750.0,650.0,16750.0,,,25185.0,,153.0,26000.0,,42500.0,25648.0,21800.0,768.0,,4375.0,9660.0,39500.0,489.0,13800.0,655.0,27411.0,24000.0,,,,654.0,610.0,,21370.0,19600.0,,1000.0,,,725.0,13189.0,9164.0,4181.0,79.0,139.0,211.0,146.0,198.5
2022-04-11,67500,,,,,,,,,,,,,,,,19.4,80.12924000000001,,19.4,80.12924000000001,,,,,,,,,,,,,,,,,,,,,,,,,,,,,,,,,,,,,,,,,,,,,,,,,,,,,,,,,,,,,,,,,,,,,,,,,,,,,,,,,,,21400.0,603.0,26208.0,25966.0,25989.0,158.0,810.0,18000.0,203.0,24250.0,25150.0,611.0,583.0,960.0,27750.0,637.0,14500.0,,,24659.0,,155.0,24000.0,,40500.0,24910.0,21125.0,681.0,,3700.0,6950.0,46000.0,419.0,11050.0,652.5,27074.0,24000.0,,,,653.0,605.0,,20160.0,18250.0,,950.0,,,715.0,13189.0,9164.0,4181.0,79.0,139.0,211.0,146.0,198.5
2022-04-18,64000,,,,,,,,,,,,,,,,17.0,79.99316,,17.0,79.99316,,,,,,,,,,,,,,,,,,,,,,,,,,,,,,,,,,,,,,,,,,,,,,,,,,,,,,,,,,,,,,,,,,,,,,,,,,,,,,,,,,,21400.0,595.0,26943.0,26986.0,26719.0,152.0,765.0,18000.0,197.5,25350.0,25400.0,604.0,575.0,940.0,28100.0,622.0,14500.0,,,25352.0,,150.0,24000.0,,40500.0,25607.0,21125.0,680.0,,3700.0,6950.0,46000.0,485.0,11050.0,642.5,27984.0,24000.0,,,,645.0,570.0,,20160.0,18250.0,,950.0,,,695.0,13189.0,9164.0,4181.0,79.0,139.0,211.0,146.0,198.5
2022-04-25,61500,,,,,,,,,,,,,,,,17.0,76.8133,,17.0,76.8133,,,,,,,,,,,,,,,,,,,,,,,,,,,,,,,,,,,,,,,,,,,,,,,,,,,,,,,,,,,,,,,,,,,,,,,,,,,,,,,,,,,21400.0,566.0,29731.0,28925.0,28891.0,151.0,720.0,18000.0,194.5,27500.0,27400.0,577.0,547.0,930.0,28050.0,610.0,14500.0,,,28254.0,,129.5,24000.0,525.0,40500.0,28030.0,21125.0,650.0,,3700.0,6950.0,46000.0,502.0,11050.0,617.5,30202.0,24000.0,,,,617.0,572.5,,20160.0,18250.0,,940.0,,,670.0,13189.0,9164.0,4181.0,79.0,139.0,211.0,146.0,198.5
2022-05-02,58000,59.39938100000001,47.207602,1024.135860000063,233.7242690000033,2.9067,87.36467200000003,50.98140200000001,2.74208327,1.257860128999999,4275.16,5776.56,0.002264,591.016,224.057,102.01,17.0,72.45308,102.01,17.0,72.45308,746.0,294.0,261.0,4540.0,456.0,9291.0,582.0,4709.0,2148.0,3593.0,2061.0,370.0,358.0,267.0,379.0,3850.0,1347.0,1545.0,3841.0,140.0,5996.0,2025.0,4228.0,3453.0,296.0,2797.0,479.0,451.0,580.0,200.0,186.0,1343.0,1322.0,84.0,468.0,2.0,13.0,296.0,450.0,3015.0,479.0,2564.0,296.0,450.0,3454.0,479.0,2724.0,59.0,468.0,1444.0,1221.0,84.0,439.0,234.0,0.0,38.0,45.0,15.0,5.0,0.0,8.0,361.0,354.0,24.0,0.0,5.0,108.0,160.0,0.0,0.0,0.0,0.0,0.0,18.0,0.0,0.0,46.0,166.0,96.0,74.0,51.5,53.54,21400.0,512.0,31615.0,29737.0,30427.0,140.0,680.0,18000.0,179.5,29750.0,29400.0,512.0,492.0,910.0,28050.0,585.0,14500.0,,,31376.0,,118.5,24000.0,500.0,40500.0,29767.0,21125.0,610.0,,3700.0,6950.0,46000.0,500.0,11050.0,557.5,32061.0,24000.0,,,,562.0,555.0,,20160.0,18250.0,,930.0,,,615.0,10929.0,7233.0,3605.0,68.0,111.0,174.0,145.5,210.0
2022-05-09,56000,,,,,,,,,,,,,,,,14.0,67.67936666666667,,14.0,67.67936666666667,,,,,,,,,,,,,,,,,,,,,,,,,,,,,,,,,,,,,,,,,,,,,,,,,,,,,,,,,,,,,,,,,,,,,,,,,,,,,,,,,,,21400.0,487.0,32249.0,29951.0,31017.0,143.0,675.0,18000.0,182.5,29750.0,29400.0,488.0,467.0,850.0,29500.0,550.0,14000.0,,,31982.0,,121.5,24000.0,515.0,40500.0,30523.0,19250.0,560.0,,3650.0,7000.0,42000.0,494.0,10900.0,535.0,32880.0,24000.0,,,,537.0,555.0,,19180.0,14500.0,,815.0,,,575.0,10929.0,7233.0,3605.0,68.0,111.0,174.0,145.5,210.0
2022-05-16,54000,,,,,,,,,,,,,,,,14.0,66.1368,,14.0,66.1368,,,,,,,,,,,,,,,,,,,,,,,,,,,,,,,,,,,,,,,,,,,,,,,,,,,,,,,,,,,,,,,,,,,,,,,,,,,,,,,,,,,21400.0,445.0,31462.0,28736.0,30791.0,130.0,690.0,18000.0,165.5,28000.0,28400.0,443.0,425.0,850.0,29000.0,525.0,14000.0,,,31548.0,,108.5,24000.0,490.0,40500.0,30082.0,19250.0,450.0,,3650.0,7000.0,42000.0,493.0,10900.0,492.5,32910.0,24000.0,,,,495.0,535.0,,19180.0,14500.0,,815.0,,,530.0,10929.0,7233.0,3605.0,68.0,111.0,174.0,145.5,210.0
2022-05-23,50000,,,,,,,,,,,,,,,,14.0,62.36818000000001,,14.0,62.36818000000001,,,,,,,,,,,,,,,,,,,,,,,,,,,,,,,,,,,,,,,,,,,,,,,,,,,,,,,,,,,,,,,,,,,,,,,,,,,,,,,,,,,21400.0,417.0,29099.0,26720.0,28480.0,131.0,570.0,18000.0,166.5,21250.0,27200.0,418.0,415.0,770.0,24950.0,510.0,14000.0,,,29528.0,,109.5,24000.0,490.0,40500.0,27356.0,19250.0,468.0,,3650.0,7000.0,42000.0,495.0,10900.0,465.0,30626.0,24000.0,,,,469.0,515.0,,19180.0,14500.0,,800.0,,,510.0,10929.0,7233.0,3605.0,68.0,111.0,174.0,145.5,210.0
2022-05-30,46000,,,,,,,,,,,,,,,,12.8,59.98594000000001,,12.8,59.98594000000001,,,,,,,,,,,,,,,,,,,,,,,,,,,,,,,,,,,,,,,,,,,,,,,,,,,,,,,,,,,,,,,,,,,,,,,,,,,,,,,,,,,21400.0,412.0,23603.0,23317.0,21615.0,133.0,567.5,18000.0,169.5,20250.0,17950.0,415.0,411.0,700.0,21100.0,500.0,14000.0,,,23798.0,,111.5,24000.0,470.0,40500.0,21574.0,19250.0,447.0,,3650.0,7000.0,42000.0,464.0,10900.0,462.5,25964.0,24000.0,,,,461.0,465.0,,19180.0,14500.0,,735.0,,,485.0,10809.0,7110.0,3864.0,69.0,109.0,172.0,119.0,181.0
2022-06-06,43500,76.21428999999998,53.491478,1217.449170000016,279.9977520000012,3.4428,111.609791,60.55327800000001,3.530556513,1.497446922,4339.53,5653.47,0.002963669,839.026,213.364,100.4,11.0,61.94372,100.4,11.0,61.94372,806.0,318.0,286.0,5163.0,529.0,10457.0,687.0,4866.0,2303.0,4556.0,2363.0,393.0,427.0,297.0,347.0,4772.0,1862.0,1523.0,4127.0,138.0,6506.0,2251.0,4651.0,4002.0,335.0,3293.0,550.0,449.0,595.0,238.0,229.0,1684.0,1639.0,129.0,440.0,1.0,35.0,335.0,449.0,3664.0,549.0,3091.0,335.0,449.0,4001.0,549.0,3200.0,72.0,440.0,1819.0,1639.0,129.0,337.0,202.0,0.0,24.0,99.0,29.0,3.0,0.0,12.0,527.0,293.0,54.0,0.0,0.0,135.0,0.0,0.0,0.0,0.0,0.0,0.0,7.0,0.0,0.0,41.0,213.0,78.0,57.0,51.38,53.26,14000.0,396.0,21843.0,19757.0,20122.0,139.0,550.0,9500.0,175.5,17200.0,16800.0,391.0,390.0,660.0,18600.0,497.0,8000.0,,,18829.0,,116.5,20000.0,480.0,25000.0,19499.0,15125.0,430.0,,2825.0,4775.0,33000.0,418.0,6025.0,437.5,23137.0,19500.0,,,,440.0,510.0,,14100.0,10750.0,,715.0,,,460.0,10809.0,7110.0,3864.0,69.0,109.0,172.0,119.0,181.0
2022-06-13,42000,,,,,,,,,,,,,,,,11.0,59.692319999999995,,11.0,59.692319999999995,,,,,,,,,,,,,,,,,,,,,,,,,,,,,,,,,,,,,,,,,,,,,,,,,,,,,,,,,,,,,,,,,,,,,,,,,,,,,,,,,,,14000.0,381.0,20112.0,17185.0,18736.0,145.0,540.0,9500.0,179.5,16700.0,16800.0,381.0,374.0,640.0,18600.0,490.0,8000.0,,,18445.0,,122.5,20000.0,475.0,25000.0,17655.0,15125.0,463.0,,2825.0,4775.0,33000.0,393.0,6025.0,422.5,21258.0,19500.0,,,,424.0,515.0,,14100.0,10750.0,,685.0,,,450.0,10809.0,7110.0,3864.0,69.0,109.0,172.0,119.0,181.0
2022-06-20,43000,,,,,,,,,,,,,,,,9.5,56.83355,,9.5,56.83355,,,,,,,,,,,,,,,,,,,,,,,,,,,,,,,,,,,,,,,,,,,,,,,,,,,,,,,,,,,,,,,,,,,,,,,,,,,,,,,,,,,14000.0,339.0,18343.0,16334.0,18221.0,131.0,515.0,9500.0,164.5,16200.0,16800.0,340.0,333.0,590.0,17650.0,453.0,8000.0,,,17335.0,,108.5,20000.0,445.0,25000.0,16963.0,15125.0,400.0,,2825.0,4775.0,33000.0,392.0,6025.0,377.5,20827.0,19500.0,,,,378.0,487.5,,14100.0,10750.0,,630.0,,,432.5,10809.0,7110.0,3864.0,69.0,109.0,172.0,119.0,181.0
2022-06-27,44000,,,,,,,,,,,,,,,,9.5,54.16816,,9.5,54.16816,,,,,,,,,,,,,,,,,,,,,,,,,,,,,,,,,,,,,,,,,,,,,,,,,,,,,,,,,,,,,,,,,,,,,,,,,,,,,,,,,,,14000.0,297.0,18306.0,15790.0,17846.0,114.0,490.0,9500.0,146.5,16200.0,16800.0,309.0,292.0,560.0,17150.0,403.0,8000.0,,,17107.0,,91.5,20000.0,430.0,25000.0,16514.0,15125.0,365.0,,2825.0,4775.0,33000.0,371.0,6025.0,337.5,20230.0,19500.0,,,,337.0,460.0,,14100.0,10750.0,,612.5,,,390.0,6778.0,4950.0,2760.0,56.0,74.0,108.0,118.0,178.5
2022-07-04,45000,111.7729200000001,69.38980000000001,1541.384079999973,439.4132209999992,4.510800000000001,177.9041700000001,79.40931000000002,4.60719486,1.980797301000001,4468.65,6255.79,0.002885475,627.765,272.334,100.18,9.5,52.754380000000005,100.18,9.5,52.754380000000005,719.0,321.0,302.0,4782.0,502.0,9719.0,660.0,4699.0,2150.0,4079.0,2435.0,360.0,417.0,286.0,232.0,4251.0,2040.0,1634.0,3804.0,117.0,6169.0,2257.0,4350.0,3652.0,340.0,2767.0,701.0,439.0,581.0,248.0,217.0,1401.0,1363.0,110.0,454.0,1.0,30.0,340.0,439.0,3654.0,702.0,2724.0,340.0,439.0,3654.0,702.0,2724.0,48.0,454.0,1482.0,1363.0,110.0,0.0,42.0,0.0,22.0,53.0,2.0,6.0,0.0,22.0,392.0,118.0,42.0,0.0,0.0,79.0,57.0,0.0,0.0,0.0,0.0,0.0,10.0,0.0,0.0,17.0,140.0,73.0,86.0,51.36,53.24,14000.0,303.0,18054.0,16063.0,17223.0,121.0,487.5,9500.0,149.5,15700.0,16550.0,311.0,298.0,540.0,16500.0,378.0,8000.0,,,17134.0,,98.5,20000.0,400.0,25000.0,16006.0,15125.0,360.0,,2825.0,4775.0,33000.0,331.0,6025.0,342.5,19477.0,19500.0,,,,343.0,425.0,,14100.0,10750.0,,590.0,,,390.0,6778.0,4950.0,2760.0,56.0,74.0,108.0,118.0,178.5
2022-07-11,45500,,,,,,,,,,,,,,,,9.5,60.183539999999994,,9.5,60.183539999999994,,,,,,,,,,,,,,,,,,,,,,,,,,,,,,,,,,,,,,,,,,,,,,,,,,,,,,,,,,,,,,,,,,,,,,,,,,,,,,,,,,,8900.0,356.0,18268.0,15297.0,17148.0,113.0,492.5,7500.0,139.5,16200.0,17550.0,366.0,353.0,520.0,17250.0,383.0,6500.0,,,16544.0,,90.5,11000.0,530.0,18000.0,15790.0,8750.0,390.0,,2025.0,3325.0,29900.0,302.0,4825.0,402.5,19166.0,11000.0,,,,398.0,430.0,,8640.0,6500.0,,590.0,,,420.0,6778.0,4950.0,2760.0,56.0,74.0,108.0,118.0,178.5
2022-07-18,47000,,,,,,,,,,,,,,,,9.5,58.95598,,9.5,58.95598,,,,,,,,,,,,,,,,,,,,,,,,,,,,,,,,,,,,,,,,,,,,,,,,,,,,,,,,,,,,,,,,,,,,,,,,,,,,,,,,,,,8900.0,370.0,20207.0,16673.0,18308.0,103.0,492.5,7500.0,129.5,16700.0,17550.0,371.0,364.0,460.0,19200.0,395.0,6500.0,,,17103.0,,80.5,11000.0,520.0,18000.0,16212.0,8750.0,410.0,,2025.0,3325.0,29900.0,272.0,4825.0,412.5,19955.0,11000.0,,,,409.0,425.0,,8640.0,6500.0,,500.0,,,455.0,6778.0,4950.0,2760.0,56.0,74.0,108.0,118.0,178.5
2022-07-25,47500,,,,,,,,,,,,,,,,9.2,56.143539999999994,,9.2,56.143539999999994,,,,,,,,,,,,,,,,,,,,,,,,,,,,,,,,,,,,,,,,,,,,,,,,,,,,,,,,,,,,,,,,,,,,,,,,,,,,,,,,,,,8900.0,348.0,21962.0,16962.0,20147.0,98.0,525.0,7500.0,124.5,17500.0,17450.0,349.0,342.0,460.0,22400.0,390.0,6500.0,,,18040.0,,75.5,11000.0,390.0,18000.0,17776.0,8750.0,410.0,,2025.0,3325.0,29900.0,257.0,4825.0,385.0,20489.0,11000.0,,,,387.0,400.0,,8640.0,6500.0,,500.0,,,475.0,6778.0,4950.0,2760.0,56.0,74.0,108.0,118.0,178.5
2022-08-01,47500,114.26468,76.87776999999996,1659.503139999954,451.2067730000014,5.0128,150.20119,85.23646999999994,4.99516472,2.110709913,4668.75,6384.87,0.004034146,989.94,338.706,99.82,8.0,59.63511999999999,99.82,8.0,59.63511999999999,709.0,315.0,227.0,4782.0,519.0,9958.0,632.0,4731.0,2039.0,4207.0,2577.0,315.0,429.0,242.0,224.0,4784.0,2081.0,1472.0,3850.0,130.0,6160.0,2189.0,4264.0,3764.0,335.0,2565.0,654.0,521.0,562.0,229.0,173.0,1314.0,1277.0,89.0,377.0,0.0,35.0,335.0,520.0,3701.0,654.0,2564.0,335.0,520.0,3701.0,654.0,2564.0,102.0,375.0,1375.0,1277.0,89.0,61.0,0.0,0.0,26.0,25.0,0.0,3.0,0.0,8.0,533.0,132.0,1.0,0.0,0.0,180.0,145.0,0.0,0.0,0.0,0.0,0.0,5.0,0.0,8.0,57.0,147.0,87.0,52.0,51.35,53.21,8900.0,317.0,23751.0,17547.0,21835.0,112.0,445.0,7500.0,127.5,20850.0,19350.0,319.0,310.0,460.0,23300.0,380.0,6500.0,,,19731.0,,79.5,11000.0,390.0,18000.0,19730.0,8750.0,400.0,,2025.0,3325.0,29900.0,227.0,4825.0,355.0,22020.0,11000.0,,,,355.0,422.5,,8640.0,6500.0,,495.0,,,435.0,4602.0,3405.0,1984.0,41.0,51.0,72.0,90.0,159.0
2022-08-08,49000,,,,,,,,,,,,,,,,8.0,60.61502,,8.0,60.61502,,,,,,,,,,,,,,,,,,,,,,,,,,,,,,,,,,,,,,,,,,,,,,,,,,,,,,,,,,,,,,,,,,,,,,,,,,,,,,,,,,,7750.0,321.0,25568.0,21195.0,23534.0,109.0,435.0,6500.0,123.5,22350.0,20200.0,325.0,315.0,455.0,23050.0,370.0,5750.0,,,22180.0,,76.5,10500.0,390.0,14500.0,21650.0,7950.0,390.0,,2000.0,3350.0,23250.0,220.0,4575.0,355.0,24183.0,10500.0,,,,360.0,422.5,,7860.0,5400.0,,470.0,,,420.0,4602.0,3405.0,1984.0,41.0,51.0,72.0,90.0,159.0
2022-08-15,47500,,,,,,,,,,,,,,,,8.0,60.534839999999996,,8.0,60.534839999999996,,,,,,,,,,,,,,,,,,,,,,,,,,,,,,,,,,,,,,,,,,,,,,,,,,,,,,,,,,,,,,,,,,,,,,,,,,,,,,,,,,,7750.0,357.0,26015.0,21461.0,23841.0,109.0,455.0,6500.0,123.5,22350.0,21250.0,362.0,350.0,455.0,23300.0,385.0,5750.0,,,22858.0,,76.5,10500.0,465.0,14500.0,22016.0,7950.0,390.0,,2000.0,3350.0,23250.0,238.0,4575.0,390.0,24832.0,10500.0,,,,395.0,422.5,,7860.0,5400.0,,465.0,,,430.0,4602.0,3405.0,1984.0,41.0,51.0,72.0,90.0,159.0
2022-08-22,46500,,,,,,,,,,,,,,,,8.0,60.528740000000006,,8.0,60.528740000000006,,,,,,,,,,,,,,,,,,,,,,,,,,,,,,,,,,,,,,,,,,,,,,,,,,,,,,,,,,,,,,,,,,,,,,,,,,,,,,,,,,,7750.0,361.0,25881.0,21510.0,24239.0,102.0,455.0,6500.0,116.5,22750.0,21250.0,366.0,353.0,450.0,23300.0,395.0,5750.0,,,22884.0,,69.5,10500.0,360.0,14500.0,22324.0,7950.0,380.0,,2000.0,3350.0,23250.0,264.0,4575.0,392.5,24946.0,10500.0,,,,398.0,425.0,,7860.0,5400.0,,465.0,,,430.0,4602.0,3405.0,1984.0,41.0,51.0,72.0,90.0,159.0
2022-08-29,46000,,,,,,,,,,,,,,,,8.0,59.89958,,8.0,59.89958,,,,,,,,,,,,,,,,,,,,,,,,,,,,,,,,,,,,,,,,,,,,,,,,,,,,,,,,,,,,,,,,,,,,,,,,,,,,,,,,,,,7750.0,363.0,25793.0,21069.0,24231.0,103.0,455.0,6500.0,116.5,22650.0,21250.0,370.0,356.0,430.0,22350.0,420.0,5750.0,,,22530.0,,70.5,10500.0,425.0,14500.0,22250.0,7950.0,368.0,,2000.0,3350.0,23250.0,270.0,4575.0,397.5,24924.0,10500.0,,,,401.0,445.0,,7860.0,5400.0,,465.0,,,410.0,4507.0,3470.0,1950.0,39.0,52.0,71.0,98.0,163.0
