,price,Индекс стоимости грузоперевозок,Импорт цемента ЖД,Экспорт цемента ЖД,Отгрузка цемента хоппер ЖД,Отгрузка цемента остальные ЖД,Производство цемента,Импорт цемента,Экспорт цемента,Потребление цемента,Отгрузка цемента,Цена цемента с НДС,Цена цемента без НДС,Производство бетона РФ,Производство бетона МО,Производство бетона СПБ,цена,Базовый индекс потребительских цен на товары и услуги,Ключевая ставка,Курс доллара,Производство арматуры Сортовой прокат_Арматура,Производство арматуры Сортовой прокат_Катанка,Производство арматуры Сортовой прокат_Прутки прочие,Производство сырья ЖРС_Агломерат,Производство сырья ЖРС_Аглоруда,Производство сырья ЖРС_Концентрат,Производство сырья ЖРС_Концентрат для дообогащения,Производство сырья ЖРС_Окатыши,Производство сырья Кокс_Кокс валовый,Производство сырья Концентрат коксующегося угля_Жирные,Производство сырья Концентрат коксующегося угля_Коксовые,Производство сырья Концентрат коксующегося угля_Отощающие,Производство сырья Металлизованная продукция_ГБЖ,Производство сырья Металлизованная продукция_ПВЖ,Производство сырья Рядовой коксующийся уголь_Газовые,Производство сырья Рядовой коксующийся уголь_Жирные,Производство сырья Рядовой коксующийся уголь_Коксовые,Производство сырья Рядовой коксующийся уголь_Отощающие,Производство сырья Сталь_Конвертер,Производство сырья Сталь_Мартен,Производство сырья Сталь_Сталь всего,Производство сырья Сталь_Электропечь,Производство сырья Чугун_Чугун,ПотреблениеЖРС_Концентрат,ПотреблениеЖРС_Агломерат,ПотреблениеЖРС_Окатыши,ПотреблениеЖРС_Концентрат для дообогащения,ПотреблениеЖРС_Аглоруда,Поставки Сортовой прокат_Арматура,Поставки Сортовой прокат_Катанка,Поставки Сортовой прокат_Прутки прочие,Поставки Концентрат коксующегося угля_Жирные,Поставки Концентрат коксующегося угля_Коксовые,Поставки Концентрат коксующегося угля_Отощающие,Поставки Кокс_Кокс доменный,Поставки Чугун_Литейный чугун,Поставки Чугун_Передельный чугун,Поставки ЖРС_Агломерат,Поставки ЖРС_Аглоруда,Поставки ЖРС_Концентрат,Поставки ЖРС_Концентрат для дообогащения,Поставки ЖРС_Окатыши,Спрос ЖРС_Агломерат,Спрос ЖРС_Аглоруда,Спрос ЖРС_Концентрат,Спрос ЖРС_Концентрат для дообогащения,Спрос ЖРС_Окатыши,Спрос Металлизованная продукция_ГБЖ,Спрос Кокс_Кокс доменный,Спрос Концентрат коксующегося угля_Жирные,Спрос Концентрат коксующегося угля_Коксовые,Спрос Концентрат коксующегося угля_Отощающие,Импорт сырья ЖРС_Концентрат,Импорт сырья ЖРС_Окатыши,Импорт сырья Концентрат коксующегося угля_Коксовые,Импорт арматуры Сортовой прокат_Арматура,Импорт арматуры Сортовой прокат_Катанка,Импорт арматуры Сортовой прокат_Прутки прочие,Экспорт сырья ЖРС_Аглоруда,Экспорт сырья ЖРС_Концентрат,Экспорт сырья ЖРС_Окатыши,Экспорт сырья Кокс_Кокс доменный,Экспорт сырья Кокс_Мелочь коксовая,Экспорт сырья Кокс_Орешек коксовый,Экспорт сырья Концентрат коксующегося угля_Жирные,Экспорт сырья Концентрат коксующегося угля_Коксовые,Экспорт сырья Металлизованная продукция_ГБЖ,Экспорт сырья Чугун_Литейный чугун,Экспорт сырья Чугун_Передельный чугун,Экспорт арматуры Сортовой прокат_Арматура,Экспорт арматуры Сортовой прокат_Катанка,Экспорт арматуры Сортовой прокат_Прутки прочие,Цена на бензин,Цена на дт,"Концентрат коксующегося угля_Россия марка ОС FCA руб./т, без НДС","Лом_HMS 1/2 80:20, FOB EC Роттердам, $/т","Лом_3А, РФ CPT ж/д Южный ФО, руб./т, без НДС","Лом_3А, РФ CPT ж/д Сибирский ФО, руб./т, без НДС","Лом_3А, РФ CPT ж/д Центральный ФО, руб./т, без НДС","ЖРС_Китай Iron ore fines Fe 62%, CFR","Чугун_CFR Италия, $/т","Концентрат коксующегося угля_Россия марка КО FCA руб./т, без НДС","ЖРС_Российские окатыши Fe 62-65,5%, SiO2 5,8-8,65, DAP Забайкальск-Манжули, $/т","Лом_HMS 1/2 80:20, FOB США Восток, $/т","Лом_3А, FOB РФ Черное море, $/т","Чугун_FOB Бразилия Север, $/т","Лом_HMS 1/2 80:20, CFR ЮВА, $/т","Концентрат коксующегося угля_Россия марка КС FCA руб./т, без НДС","Лом_3А, РФ FCA ж/д респ. Татарстан, руб./т, без НДС","ЖРС_Российский концентрат Fe 62,5-67,5%, SiO2 0,78-8,51, сухой вес, DAP Забайкальск-Манжули, $/т","Концентрат коксующегося угля_Россия марка К и смеси марок К, КО FCA руб./т, без НДС","Кокс_Россия Урал Сибирь +25, FCA руб./т., без НДС","Лом_3А, РФ FCA ж/д Московский регион, руб./т, без НДС","Концентрат коксующегося угля_Россия марка Ж+ГЖ FCA руб./т, без НДС","Чугун_FOB Россия Черное море, $/т","ЖРС_Россия аглоруда Fe 52-60%, FCA руб./т, без НДС","ЖРС_Россия концентрат Fe 64-68%, FCA руб./т, без НДС","Чугун_Россия, FCA руб./т, без НДС","Концентрат коксующегося угля_HCC Австралия, $/t FOB","ЖРС_Россия окатыши Fe 62-65,5% FCA руб./т, без НДС","ГБЖ_CFR Италия, $/т","Лом_3А, РФ CPT ж/д Уральский ФО, руб./т, без НДС","Концентрат коксующегося угля_Россия марка Ж FCA руб./т, без НДС","Лом_HMS 1/2 80:20, CFR Турция, $/т","Чугун_CFR Китай, $/т","Концентрат коксующегося угля_Средняя шихта Россия FCA руб./т, без НДС","Концентрат коксующегося угля_Россия марка ГЖ FCA руб./т, без НДС","Чугун_CFR NOLA США, $/т","Чугун_CFR Турция, $/т","ЖРС_Средневзвешенная цена окатыши Fe 62-65,5%, Россия FCA руб./т, без НДС","ЖРС_Средневзвешенная цена концентрат Fe 64-68%, Россия FCA руб./т, без НДС","ЖРС_Средневзвешенная цена аглоруда Fe 52-60%, Россия FCA руб./т, без НДС","ЖРС_Средневзвешенная цена за 1 % Fe в аглоруде, Россия FCA руб./т, без НДС","ЖРС_Средневзвешенная цена за 1 % Fe в концентрате, Россия FCA руб./т, без НДС","ЖРС_Средневзвешенная цена за 1 % Fe в окатыши, Россия FCA руб./т, без НДС","ЖРС_Украинский концентрат Fe 65-68%,  DAP граница Украины с Европой,  $/т","ЖРС_Украинские окатыши Fe 65-66%, DAP граница Украины с Европой,  $/т",price_diff,price_seasonal_diff,price_lag_1,price_lag_4,price_lag_8,price_lag_12
2021-07-26,71500.0,1194.0,120.20100000000001,81.254,1689.769749999569,541.5880000000051,4.603624999999999,168.02967575,95.72211250000001,4.69618256325,2.23135775,3837.635,5098.8475,3.18619313,475.49525,289.5415,727.2,100.53999999999999,5.7,74.15856,850.25,357.5,258.75,4940.5,495.25,10658.25,523.0,5149.0,2375.0,3185.0,2632.0,422.5,334.75,240.5,402.5,4484.25,2348.0,1381.5,4171.25,124.75,6529.0,2232.0,4592.25,3977.5,320.5,2901.0,529.0,474.5,673.25,214.25,193.0,1522.5,1655.5,122.0,457.0,0.5,28.25,320.5,475.25,3482.75,529.75,2610.25,320.5,475.25,3976.5,529.75,2810.25,51.25,457.25,1618.0,1560.0,122.0,493.75,289.25,84.0,38.75,0.0,7.25,0.0,371.25,272.0,16.0,6.25,7.75,126.25,253.25,20.0,8.5,46.25,177.25,142.25,65.0,48.4525,48.540000000000006,11800.0,437.0,26272.0,24580.0,26161.0,209.0,655.0,10500.0,241.0,445.0,440.0,605.0,508.0,9500.0,24725.0,182.0,14500.0,28500.0,24714.0,10150.0,608.0,5475.0,12090.0,42500.0,236.0,16450.0,487.5,26726.0,10800.0,480.0,585.0,10930.0,9500.0,632.5,637.5,16162.0,12403.0,5313.0,87.0,187.0,260.0,211.0,268.0,-1000.0,9000.0,,,,
2021-08-02,69500.0,1191.0,125.093,88.93,1754.57599999952,573.1330000000075,4.855899999999999,182.176201,105.9659,4.933510301,2.327709,3853.3,5031.96,3.30228113,492.623,301.091,721.8140000000001,100.47,6.5,73.57662,867.0,361.0,257.0,4957.0,507.0,10787.0,496.0,5205.0,2397.0,3171.0,2669.0,409.0,329.0,227.0,373.0,4473.0,2339.0,1401.0,4184.0,121.0,6562.0,2256.0,4630.0,3993.0,318.0,2898.0,525.0,469.0,691.0,219.0,193.0,1519.0,1721.0,131.0,456.0,0.0,29.0,318.0,470.0,3517.0,526.0,2603.0,318.0,470.0,3992.0,526.0,2803.0,50.0,454.0,1608.0,1632.0,131.0,475.0,293.0,81.0,43.0,0.0,8.0,0.0,376.0,254.0,16.0,8.0,9.0,116.0,210.0,20.0,9.0,46.0,177.0,141.0,63.0,48.52,48.59,11800.0,430.0,26890.0,23645.0,26351.0,196.0,647.5,10500.0,222.0,439.0,427.0,570.0,503.0,9500.0,24886.0,169.0,14500.0,28500.0,25089.0,10150.0,590.0,5475.0,12090.0,42500.0,240.0,16450.0,482.5,26656.0,10800.0,472.0,585.0,10930.0,9500.0,607.5,635.0,16162.0,12403.0,5313.0,87.0,187.0,260.0,211.0,268.0,-2000.0,6000.0,71500.0,,,
2021-08-09,66000.0,1197.0,124.962,93.6348,1775.5705999994973,590.4922000000076,5.02952,184.4771728,112.99135000000001,5.0993458228,2.3660628,3865.654,5073.712,3.3994513299999998,506.6432,301.665,703.4,100.494,6.5,72.99442,864.6,346.4,257.0,4920.6,506.0,10661.4,519.4,5140.6,2383.4,3171.8,2548.8,408.4,337.2,237.8,380.0,4422.8,2245.8,1360.0,4173.6,126.0,6558.6,2258.0,4604.6,3943.0,320.2,2886.2,514.4,461.6,697.0,217.8,194.2,1517.2,1672.0,125.4,460.6,0.0,29.0,320.0,462.2,3466.8,515.2,2583.0,320.0,462.2,3942.2,515.2,2788.6,55.8,458.8,1611.0,1572.4,125.4,475.4,301.6,84.0,41.8,0.0,7.0,0.0,377.4,250.2,19.2,9.0,9.8,110.8,206.8,20.0,7.4,44.0,168.2,127.8,61.8,48.576,48.628,11800.0,424.0,27101.0,24491.0,26706.0,178.0,605.0,10500.0,199.0,424.0,417.0,550.0,500.0,9500.0,25215.0,151.0,14500.0,28500.0,25589.0,10150.0,565.0,5750.0,12715.0,42500.0,245.0,17750.0,472.5,26812.0,10800.0,464.0,575.0,10930.0,9500.0,587.5,592.5,16162.0,12403.0,5313.0,87.0,187.0,260.0,211.0,268.0,-3500.0,-1000.0,69500.0,,,
2021-08-16,65000.0,1198.0,124.831,98.3396,1796.5651999994745,607.8514000000077,5.203139999999999,186.7781446,120.0168,5.2651813446,2.4044166,3878.0080000000003,5115.464,3.49662153,520.6634,302.23900000000003,695.3,100.518,6.5,73.62254,862.2,331.8,257.0,4884.2,505.0,10535.8,542.8,5076.2,2369.8,3172.6,2428.6,407.8,345.4,248.6,387.0,4372.6,2152.6,1319.0,4163.2,131.0,6555.2,2260.0,4579.2,3893.0,322.4,2874.4,503.8,454.2,703.0,216.6,195.4,1515.4,1623.0,119.8,465.2,0.0,29.0,322.0,454.4,3416.6,504.4,2563.0,322.0,454.4,3892.4,504.4,2774.2,61.6,463.6,1614.0,1512.8,119.8,475.8,310.2,87.0,40.6,0.0,6.0,0.0,378.8,246.4,22.4,10.0,10.6,105.6,203.6,20.0,5.8,42.0,159.4,114.6,60.6,48.632,48.666000000000004,11800.0,415.0,27849.0,24489.0,27356.0,163.0,577.5,10500.0,181.0,421.0,410.0,540.0,495.0,9500.0,25672.0,137.0,14500.0,28500.0,26472.0,10150.0,540.0,5750.0,12715.0,42500.0,252.0,17750.0,462.5,26824.0,10800.0,457.0,555.0,10930.0,9500.0,586.0,577.5,16162.0,12403.0,5313.0,87.0,187.0,260.0,211.0,268.0,-1000.0,-6900.0,66000.0,,,
2021-08-23,63500.0,1209.0,124.7,103.0444,1817.5597999994516,625.210600000008,5.37676,189.0791164,127.04225000000001,5.4310168664,2.4427704,3890.362,5157.216,3.59379173,534.6836000000001,302.813,692.0,100.542,6.5,73.76898,859.8,317.2,257.0,4847.8,504.0,10410.2,566.2,5011.8,2356.2,3173.4,2308.4,407.2,353.6,259.4,394.0,4322.4,2059.4,1278.0,4152.8,136.0,6551.8,2262.0,4553.8,3843.0,324.6,2862.6,493.2,446.8,709.0,215.4,196.6,1513.6,1574.0,114.2,469.8,0.0,29.0,324.0,446.6,3366.4,493.6,2543.0,324.0,446.6,3842.6,493.6,2759.8,67.4,468.4,1617.0,1453.2,114.2,476.2,318.8,90.0,39.4,0.0,5.0,0.0,380.2,242.6,25.6,11.0,11.4,100.4,200.4,20.0,4.199999999999999,40.0,150.6,101.4,59.4,48.688,48.704,11800.0,410.0,27941.0,24136.0,27394.0,149.0,567.5,10500.0,167.0,415.0,400.0,500.0,500.0,9500.0,26077.0,123.0,14500.0,28500.0,26514.0,10150.0,500.0,5750.0,12715.0,42500.0,261.0,17750.0,452.5,26890.0,10800.0,452.0,545.0,10930.0,9500.0,562.5,562.5,16162.0,12403.0,5313.0,87.0,187.0,260.0,211.0,268.0,-1500.0,-8400.0,65000.0,71500.0,,
2021-08-30,62000.0,1237.0,124.569,107.7492,1838.5543999994288,642.5698000000081,5.55038,191.3800882,134.0677,5.5968523882,2.4811242,3902.7160000000003,5198.968,3.6909619300000003,548.7038,303.387,688.875,100.566,6.5,73.94666,857.4,302.6,257.0,4811.4,503.0,10284.6,589.6,4947.4,2342.6,3174.2,2188.2,406.6,361.8,270.2,401.0,4272.2,1966.2,1237.0,4142.4,141.0,6548.4,2264.0,4528.4,3793.0,326.8,2850.8,482.6,439.4,715.0,214.2,197.8,1511.8,1525.0,108.6,474.4,0.0,29.0,326.0,438.8,3316.2,482.8,2523.0,326.0,438.8,3792.8,482.8,2745.4,73.2,473.2,1620.0,1393.6,108.6,476.6,327.4,93.0,38.2,0.0,4.0,0.0,381.6,238.8,28.8,12.0,12.2,95.2,197.2,20.0,2.5999999999999996,38.0,141.8,88.2,58.2,48.744,48.742000000000004,11800.0,406.0,28185.0,24175.0,27420.0,149.0,552.5,10500.0,163.0,413.0,396.0,485.0,500.0,9500.0,25998.0,123.0,14500.0,28500.0,26654.0,10150.0,500.0,5750.0,12715.0,42500.0,280.0,17750.0,447.5,26960.0,10800.0,448.0,535.0,10930.0,9500.0,531.0,537.5,17343.0,12649.0,5581.0,97.0,192.0,278.0,153.0,211.5,-1500.0,-10500.0,63500.0,69500.0,,
2021-09-06,59000.0,1242.0,124.438,112.454,1859.548999999406,659.9290000000082,5.724,193.68106,141.09315,5.76268791,2.519478,3915.07,5240.72,3.78813213,562.724,303.961,674.114,100.59,6.5,73.14946,855.0,288.0,257.0,4775.0,502.0,10159.0,613.0,4883.0,2329.0,3175.0,2068.0,406.0,370.0,281.0,408.0,4222.0,1873.0,1196.0,4132.0,146.0,6545.0,2266.0,4503.0,3743.0,329.0,2839.0,472.0,432.0,721.0,213.0,199.0,1510.0,1476.0,103.0,479.0,0.0,29.0,328.0,431.0,3266.0,472.0,2503.0,328.0,431.0,3743.0,472.0,2731.0,79.0,478.0,1623.0,1334.0,103.0,477.0,336.0,96.0,37.0,0.0,3.0,0.0,383.0,235.0,32.0,13.0,13.0,90.0,194.0,20.0,1.0,36.0,133.0,75.0,57.0,48.8,48.78,11800.0,405.0,28241.0,24250.0,27418.0,148.0,498.5,10500.0,160.0,413.0,394.0,480.0,483.0,9500.0,25879.0,122.0,14500.0,28500.0,26541.0,10150.0,505.0,4675.0,10365.0,40000.0,306.0,15600.0,445.5,27339.0,10800.0,446.0,535.0,10930.0,9500.0,531.0,537.5,17343.0,12649.0,5581.0,97.0,192.0,278.0,153.0,211.5,-3000.0,-15000.0,62000.0,66000.0,,
2021-09-13,56500.0,1231.0,124.74575,120.24575,1894.2094999994006,698.3262500000089,5.89325,199.51343,148.6149625,5.9907234675000005,2.5925357499999997,3927.9825,5221.3925,3.91513913,567.154,314.35375,675.3,100.64500000000001,6.55,73.09515999999999,859.25,310.75,255.5,4826.5,503.5,10240.0,621.25,4943.0,2346.0,3203.75,2053.5,412.75,382.5,284.25,413.25,4219.25,1851.75,1213.5,4123.0,139.25,6516.5,2253.75,4512.75,3752.25,330.25,2871.5,482.0,440.75,709.75,205.25,191.0,1542.25,1483.75,104.0,468.0,0.0,27.5,329.5,440.25,3274.75,481.75,2526.75,329.5,440.25,3752.25,481.75,2757.5,84.25,466.75,1661.5,1330.25,104.0,477.5,344.5,84.0,35.25,0.5,3.75,1.25,413.5,261.5,30.5,12.25,9.75,86.25,188.0,20.0,1.0,49.5,148.75,105.0,64.0,48.98,48.91,11800.0,401.0,28233.0,24106.0,27219.0,132.0,500.0,10500.0,146.0,409.0,390.0,480.0,483.0,9500.0,25793.0,106.0,14500.0,28500.0,26413.0,10150.0,470.0,4675.0,10365.0,40000.0,349.0,15600.0,442.5,27259.0,10800.0,443.0,542.5,10930.0,9500.0,531.0,537.5,17343.0,12649.0,5581.0,97.0,192.0,278.0,153.0,211.5,-2500.0,-17500.0,59000.0,65000.0,,
2021-09-20,55000.0,1227.0,125.0535,128.0375,1928.869999999395,736.7235000000096,6.0625,205.3458,156.136775,6.218759025000001,2.6655935,3940.895,5202.0650000000005,4.04214613,571.5840000000001,324.74649999999997,662.8,100.7,6.75,72.72926,863.5,333.5,254.0,4878.0,505.0,10321.0,629.5,5003.0,2363.0,3232.5,2039.0,419.5,395.0,287.5,418.5,4216.5,1830.5,1231.0,4114.0,132.5,6488.0,2241.5,4522.5,3761.5,331.5,2904.0,492.0,449.5,698.5,197.5,183.0,1574.5,1491.5,105.0,457.0,0.0,26.0,331.0,449.5,3283.5,491.5,2550.5,331.0,449.5,3761.5,491.5,2784.0,89.5,455.5,1700.0,1326.5,105.0,478.0,353.0,72.0,33.5,1.0,4.5,2.5,444.0,288.0,29.0,11.5,6.5,82.5,182.0,20.0,1.0,63.0,164.5,135.0,71.0,49.16,49.04,11800.0,392.0,27854.0,24607.0,26724.0,113.0,501.5,10500.0,136.0,405.0,386.0,480.0,498.0,9500.0,25523.0,88.0,14500.0,28500.0,26108.0,10150.0,475.0,4675.0,10365.0,40000.0,407.0,15600.0,441.0,26988.0,10800.0,439.0,547.5,10930.0,9500.0,530.0,537.5,17343.0,12649.0,5581.0,97.0,192.0,278.0,153.0,211.5,-1500.0,-19000.0,56500.0,63500.0,71500.0,
2021-09-27,54000.0,1230.0,125.36125,135.82925,1963.5304999993896,775.1207500000104,6.23175,211.17817,163.6585875,6.4467945825,2.73865125,3953.8075,5182.737500000001,4.16915313,576.014,335.13925,669.3,100.755,6.75,73.03028,867.75,356.25,252.5,4929.5,506.5,10402.0,637.75,5063.0,2380.0,3261.25,2024.5,426.25,407.5,290.75,423.75,4213.75,1809.25,1248.5,4105.0,125.75,6459.5,2229.25,4532.25,3770.75,332.75,2936.5,502.0,458.25,687.25,189.75,175.0,1606.75,1499.25,106.0,446.0,0.0,24.5,332.5,458.75,3292.25,501.25,2574.25,332.5,458.75,3770.75,501.25,2810.5,94.75,444.25,1738.5,1322.75,106.0,478.5,361.5,60.0,31.75,1.5,5.25,3.75,474.5,314.5,27.5,10.75,3.25,78.75,176.0,20.0,1.0,76.5,180.25,165.0,78.0,49.34,49.17,11800.0,388.0,27166.0,24138.0,26251.0,103.0,497.5,10500.0,135.0,401.0,386.0,470.0,500.0,9500.0,25059.0,78.0,14500.0,28500.0,25488.0,10150.0,498.0,4675.0,10365.0,40000.0,447.0,15600.0,441.0,26703.0,10800.0,438.0,550.0,10930.0,9500.0,535.0,532.5,15503.0,10349.0,4482.0,81.0,159.0,249.0,107.0,163.5,-1000.0,-20000.0,55000.0,62000.0,69500.0,
2021-10-04,56800.0,1248.0,125.669,143.621,1998.190999999384,813.5180000000112,6.401,217.01054,171.1804,6.67483014,2.811709,3966.72,5163.410000000001,4.29616013,580.444,345.532,673.364,100.81,6.75,72.70322,872.0,379.0,251.0,4981.0,508.0,10483.0,646.0,5123.0,2397.0,3290.0,2010.0,433.0,420.0,294.0,429.0,4211.0,1788.0,1266.0,4096.0,119.0,6431.0,2217.0,4542.0,3780.0,334.0,2969.0,512.0,467.0,676.0,182.0,167.0,1639.0,1507.0,107.0,435.0,0.0,23.0,334.0,468.0,3301.0,511.0,2598.0,334.0,468.0,3780.0,511.0,2837.0,100.0,433.0,1777.0,1319.0,107.0,479.0,370.0,48.0,30.0,2.0,6.0,5.0,505.0,341.0,26.0,10.0,0.0,75.0,170.0,20.0,1.0,90.0,196.0,195.0,85.0,49.52,49.3,11800.0,385.0,26784.0,23908.0,25750.0,116.0,550.0,10500.0,152.0,398.0,386.0,470.0,500.0,9500.0,24722.0,91.0,14500.0,28500.0,25050.0,10150.0,478.0,4675.0,10365.0,40000.0,448.0,15600.0,437.5,26496.0,10800.0,435.0,550.0,10930.0,9500.0,535.5,534.0,15503.0,10349.0,4482.0,81.0,159.0,249.0,107.0,163.5,2800.0,-16700.0,54000.0,59000.0,66000.0,
2021-10-11,59000.0,1247.0,124.75925,140.06650000000002,1970.9422499993973,857.4627500000105,6.47345,220.82995225,166.847815,6.72658213725,2.828405,3983.9399999999996,5229.177500000001,4.665526379999999,706.0239999999999,352.5985,700.7,100.82,6.75,72.46686,851.25,361.75,239.75,4921.25,505.5,10423.0,634.25,5077.25,2386.0,3289.25,2036.0,432.25,393.75,274.75,425.25,4221.25,1773.25,1303.0,4042.25,126.75,6370.25,2201.75,4476.5,3753.0,334.25,2929.25,509.0,464.0,680.5,189.25,170.25,1636.5,1548.25,107.75,421.5,0.0,25.25,334.25,465.0,3283.25,508.25,2582.75,334.25,465.0,3753.75,508.25,2809.25,87.25,419.5,1765.25,1369.5,107.75,470.5,345.0,46.5,27.0,1.75,5.25,4.75,513.75,344.25,36.75,8.5,1.75,82.5,164.25,20.0,0.75,71.5,171.25,170.75,70.25,49.540000000000006,49.31,21250.0,397.0,26523.0,24028.0,25604.0,119.0,557.5,19000.0,158.0,410.0,402.0,485.0,508.0,16350.0,24681.0,94.0,26000.0,40500.0,24896.0,17500.0,500.0,3585.0,7650.0,38500.0,449.0,13300.0,452.5,26474.0,21250.0,449.0,557.5,19510.0,17000.0,532.5,557.5,15503.0,10349.0,4482.0,81.0,159.0,249.0,107.0,163.5,2200.0,-13500.0,56800.0,56500.0,65000.0,
2021-10-18,64000.0,1236.0,123.8495,136.512,1943.6934999994105,901.4075000000098,6.5459,224.6493645,162.51523,6.7783341345,2.845101,4001.16,5294.945,5.03489263,831.6039999999999,359.66499999999996,711.6,100.83,6.75,71.67936,830.5,344.5,228.5,4861.5,503.0,10363.0,622.5,5031.5,2375.0,3288.5,2062.0,431.5,367.5,255.5,421.5,4231.5,1758.5,1340.0,3988.5,134.5,6309.5,2186.5,4411.0,3726.0,334.5,2889.5,506.0,461.0,685.0,196.5,173.5,1634.0,1589.5,108.5,408.0,0.0,27.5,334.5,462.0,3265.5,505.5,2567.5,334.5,462.0,3727.5,505.5,2781.5,74.5,406.0,1753.5,1420.0,108.5,462.0,320.0,45.0,24.0,1.5,4.5,4.5,522.5,347.5,47.5,7.0,3.5,90.0,158.5,20.0,0.5,53.0,146.5,146.5,55.5,49.56,49.32,21250.0,427.0,26086.0,24275.0,25157.0,128.0,562.5,19000.0,180.0,436.0,432.0,500.0,528.0,16350.0,24534.0,114.5,26000.0,40500.0,24515.0,17500.0,515.0,3585.0,7650.0,38500.0,455.0,13300.0,473.5,26537.0,21250.0,480.0,567.5,19510.0,17000.0,545.0,565.0,15503.0,10349.0,4482.0,81.0,159.0,249.0,107.0,163.5,5000.0,-7500.0,59000.0,55000.0,63500.0,71500.0
2021-10-25,73000.0,1246.0,122.93975,132.95749999999998,1916.4447499994237,945.3522500000091,6.61835,228.46877675,158.182645,6.83008613175,2.861797,4018.38,5360.7125,5.40425888,957.184,366.7315,717.0,100.84,6.9,71.0094,809.75,327.25,217.25,4801.75,500.5,10303.0,610.75,4985.75,2364.0,3287.75,2088.0,430.75,341.25,236.25,417.75,4241.75,1743.75,1377.0,3934.75,142.25,6248.75,2171.25,4345.5,3699.0,334.75,2849.75,503.0,458.0,689.5,203.75,176.75,1631.5,1630.75,109.25,394.5,0.0,29.75,334.75,459.0,3247.75,502.75,2552.25,334.75,459.0,3701.25,502.75,2753.75,61.75,392.5,1741.75,1470.5,109.25,453.5,295.0,43.5,21.0,1.25,3.75,4.25,531.25,350.75,58.25,5.5,5.25,97.5,152.75,20.0,0.25,34.5,121.75,122.25,40.75,49.58,49.33,21250.0,448.0,26593.0,24629.0,25936.0,122.0,577.5,19000.0,179.0,450.0,451.0,510.0,544.0,16350.0,25363.0,109.5,26000.0,40500.0,25359.0,17500.0,540.0,3585.0,7650.0,38500.0,455.0,13300.0,493.5,27467.0,21250.0,500.0,567.5,19510.0,17000.0,555.0,577.5,15503.0,10349.0,4482.0,81.0,159.0,249.0,107.0,163.5,9000.0,3500.0,64000.0,54000.0,62000.0,69500.0
2021-11-01,77000.0,1243.0,122.03,129.403,1889.195999999437,989.2970000000084,6.6908,232.288189,153.85006,6.881838129,2.878493,4035.6,5426.48,5.77362513,1082.764,373.798,712.3399999999999,100.85,7.5,70.10764,789.0,310.0,206.0,4742.0,498.0,10243.0,599.0,4940.0,2353.0,3287.0,2114.0,430.0,315.0,217.0,414.0,4252.0,1729.0,1414.0,3881.0,150.0,6188.0,2156.0,4280.0,3672.0,335.0,2810.0,500.0,455.0,694.0,211.0,180.0,1629.0,1672.0,110.0,381.0,0.0,32.0,335.0,456.0,3230.0,500.0,2537.0,335.0,456.0,3675.0,500.0,2726.0,49.0,379.0,1730.0,1521.0,110.0,445.0,270.0,42.0,18.0,1.0,3.0,4.0,540.0,354.0,69.0,4.0,7.0,105.0,147.0,20.0,0.0,16.0,97.0,98.0,26.0,49.6,49.34,21250.0,446.0,27708.0,24737.0,27341.0,116.0,577.5,19000.0,177.0,450.0,450.0,515.0,550.0,16350.0,26648.0,103.5,26000.0,40500.0,26592.0,17500.0,545.0,3585.0,7650.0,38500.0,456.0,13300.0,493.5,28334.0,21250.0,501.0,552.5,19510.0,17000.0,572.5,580.0,12987.0,7857.0,3460.0,68.0,119.0,207.0,105.0,149.0,4000.0,11000.0,73000.0,56800.0,59000.0,66000.0
2021-11-08,79000.0,1268.0,119.9508,127.6394,1880.2635999994532,977.0664000000074,6.681900000000001,227.82582839999998,151.486558,6.8615392704,2.85733,4047.996,5405.911999999999,5.8076595300000005,1089.3557999999998,375.04,733.1,100.908,7.5,71.35073333333334,789.6,311.2,214.0,4728.2,490.6,10176.0,608.2,4914.2,2339.2,3324.8,2110.8,431.6,306.8,231.0,417.4,4259.8,1682.0,1471.4,3871.8,143.4,6156.0,2140.0,4280.4,3646.6,332.8,2780.0,502.8,455.8,683.4,208.6,175.6,1606.6,1651.0,110.0,381.6,0.0,30.2,332.8,456.6,3200.2,502.6,2506.6,332.8,456.6,3648.4,502.6,2697.8,46.6,379.4,1708.8,1500.4,110.0,448.2,270.8,42.8,19.4,1.0,3.4,6.4,521.8,320.0,63.0,4.0,6.4,107.0,138.4,20.0,1.4,17.8,108.0,101.6,38.2,49.664,49.424,22750.0,441.0,28831.0,24893.0,28389.0,98.0,580.0,19000.0,161.0,453.0,446.0,510.0,541.0,16350.0,27498.0,85.5,26000.0,42500.0,27446.0,17500.0,530.0,3140.0,6125.0,39250.0,459.0,10550.0,492.5,28778.0,21250.0,497.0,542.5,19630.0,17000.0,565.0,577.5,12987.0,7857.0,3460.0,68.0,119.0,207.0,105.0,149.0,2000.0,14000.0,77000.0,59000.0,56500.0,65000.0
2021-11-15,78000.0,1235.0,117.8716,125.8758,1871.3311999994694,964.8358000000065,6.673,223.3634678,149.123056,6.8412404118,2.836167,4060.392,5385.344,5.84169393,1095.9476,376.282,719.8,100.966,7.5,71.27745999999999,790.2,312.4,222.0,4714.4,483.2,10109.0,617.4,4888.4,2325.4,3362.6,2107.6,433.2,298.6,245.0,420.8,4267.6,1635.0,1528.8,3862.6,136.8,6124.0,2124.0,4280.8,3621.2,330.6,2750.0,505.6,456.6,672.8,206.2,171.2,1584.2,1630.0,110.0,382.2,0.0,28.4,330.6,457.2,3170.4,505.2,2476.2,330.6,457.2,3621.8,505.2,2669.6,44.2,379.8,1687.6,1479.8,110.0,451.4,271.6,43.6,20.8,1.0,3.8,8.8,503.6,286.0,57.0,4.0,5.8,109.0,129.8,20.0,2.8,19.6,119.0,105.2,50.4,49.728,49.508,22750.0,445.0,29339.0,25638.0,28841.0,92.0,580.0,19000.0,154.0,456.0,446.0,510.0,528.0,16350.0,28006.0,82.5,26000.0,42500.0,28100.0,17500.0,545.0,3140.0,6125.0,39250.0,438.0,10550.0,497.5,29351.0,21250.0,499.0,542.5,19630.0,17000.0,565.0,582.5,12987.0,7857.0,3460.0,68.0,119.0,207.0,105.0,149.0,-1000.0,14500.0,79000.0,64000.0,55000.0,63500.0
2021-11-22,72500.0,1244.0,115.7924,124.11219999999999,1862.3987999994856,952.6052000000055,6.6641,218.90110719999998,146.759554,6.8209415532,2.815004,4072.788,5364.776,5.87572833,1102.5394,377.524,719.2,101.024,7.5,72.60288,790.8,313.6,230.0,4700.6,475.8,10042.0,626.6,4862.6,2311.6,3400.4,2104.4,434.8,290.4,259.0,424.2,4275.4,1588.0,1586.2,3853.4,130.2,6092.0,2108.0,4281.2,3595.8,328.4,2720.0,508.4,457.4,662.2,203.8,166.8,1561.8,1609.0,110.0,382.8,0.0,26.6,328.4,457.8,3140.6,507.8,2445.8,328.4,457.8,3595.2,507.8,2641.4,41.8,380.2,1666.4,1459.2,110.0,454.6,272.4,44.4,22.2,1.0,4.2,11.2,485.4,252.0,51.0,4.0,5.2,111.0,121.2,20.0,4.199999999999999,21.4,130.0,108.8,62.599999999999994,49.792,49.592,22750.0,443.0,30104.0,25790.0,29662.0,90.0,579.0,19000.0,148.0,458.0,444.0,515.0,528.0,16350.0,28584.0,80.5,26000.0,42500.0,29015.0,17500.0,540.0,3140.0,6125.0,39250.0,392.0,10550.0,497.5,30195.0,21250.0,498.0,515.0,19630.0,17000.0,565.0,582.5,12987.0,7857.0,3460.0,68.0,119.0,207.0,105.0,149.0,-5500.0,10500.0,78000.0,73000.0,54000.0,62000.0
2021-11-29,64000.0,1261.0,113.7132,122.34859999999999,1853.4663999995018,940.3746000000046,6.6552,214.4387466,144.396052,6.8006426946000005,2.793841,4085.1839999999997,5344.2080000000005,5.90976273,1109.1312,378.76599999999996,727.8,101.082,7.5,74.56872,791.4,314.8,238.0,4686.8,468.4,9975.0,635.8,4836.8,2297.8,3438.2,2101.2,436.4,282.2,273.0,427.6,4283.2,1541.0,1643.6,3844.2,123.6,6060.0,2092.0,4281.6,3570.4,326.2,2690.0,511.2,458.2,651.6,201.4,162.4,1539.4,1588.0,110.0,383.4,0.0,24.8,326.2,458.4,3110.8,510.4,2415.4,326.2,458.4,3568.6,510.4,2613.2,39.4,380.6,1645.2,1438.6,110.0,457.8,273.2,45.2,23.6,1.0,4.6,13.6,467.2,218.0,45.0,4.0,4.6,113.0,112.6,20.0,5.6,23.2,141.0,112.4,74.8,49.856,49.676,22750.0,438.0,30914.0,26133.0,30376.0,99.0,572.5,19000.0,146.0,453.0,438.0,510.0,530.0,16350.0,29414.0,89.5,26000.0,42500.0,29906.0,17500.0,520.0,3140.0,6125.0,39250.0,346.0,10550.0,492.5,30842.0,21250.0,492.0,505.0,19630.0,17000.0,555.0,571.5,10753.0,6282.0,3088.0,63.0,96.0,172.0,85.0,137.0,-8500.0,5000.0,72500.0,77000.0,56800.0,59000.0
2021-12-06,61500.0,1279.0,111.634,120.585,1844.533999999518,928.1440000000036,6.6463,209.976386,142.03255,6.780343836,2.772678,4097.58,5323.64,5.94379713,1115.723,380.008,702.15,101.14,7.5,74.33106000000001,792.0,316.0,246.0,4673.0,461.0,9908.0,645.0,4811.0,2284.0,3476.0,2098.0,438.0,274.0,287.0,431.0,4291.0,1494.0,1701.0,3835.0,117.0,6028.0,2076.0,4282.0,3545.0,324.0,2660.0,514.0,459.0,641.0,199.0,158.0,1517.0,1567.0,110.0,384.0,0.0,23.0,324.0,459.0,3081.0,513.0,2385.0,324.0,459.0,3542.0,513.0,2585.0,37.0,381.0,1624.0,1418.0,110.0,461.0,274.0,46.0,25.0,1.0,5.0,16.0,449.0,184.0,39.0,4.0,4.0,115.0,104.0,20.0,7.0,25.0,152.0,116.0,87.0,49.92,49.76,20250.0,430.0,31202.0,26178.0,30713.0,100.0,572.5,17000.0,143.0,445.0,428.0,510.0,530.0,15500.0,29724.0,89.5,23500.0,42500.0,30184.0,16500.0,525.0,2665.0,5525.0,39250.0,326.0,8950.0,482.5,31083.0,19500.0,484.0,500.0,18050.0,15250.0,547.5,560.0,10753.0,6282.0,3088.0,63.0,96.0,172.0,85.0,137.0,-2500.0,5000.0,64000.0,79000.0,59000.0,56500.0
2021-12-13,60500.0,1290.0,107.97825,118.5655,1805.8687499995353,893.3947500000033,6.53335,202.14738125,139.58434999999997,6.68186303125,2.6992635,4116.3525,5342.087500000001,5.9493411300000005,1109.4479999999999,375.29774999999995,704.2,101.0125,7.5,73.77206,815.0,320.0,240.0,4766.25,472.75,9993.25,648.5,4915.25,2305.75,3621.0,2139.0,461.25,304.25,290.0,432.5,4476.25,1549.25,1715.25,3951.0,130.75,6151.5,2069.5,4374.0,3529.0,330.0,2748.75,480.25,460.25,664.0,213.75,163.0,1557.0,1529.5,120.25,400.5,0.0,28.25,330.25,460.25,3065.75,479.5,2486.5,330.25,460.25,3527.0,479.5,2683.5,39.0,397.75,1664.0,1380.75,120.25,461.25,261.25,43.25,22.5,1.0,4.75,17.0,466.5,196.75,36.75,3.5,3.0,120.25,113.0,20.0,5.25,27.75,152.0,105.0,77.25,50.005,50.08,20250.0,417.0,30750.0,26031.0,30050.0,105.0,557.5,17000.0,152.0,431.0,415.0,510.0,528.0,15500.0,28958.0,94.5,23500.0,42500.0,29578.0,16500.0,515.0,2665.0,5525.0,39250.0,337.0,8950.0,467.5,30275.0,19500.0,471.0,495.0,18050.0,15250.0,557.0,545.0,10753.0,6282.0,3088.0,63.0,96.0,172.0,85.0,137.0,-1000.0,5500.0,61500.0,78000.0,64000.0,55000.0
2021-12-20,61500.0,1312.0,104.32249999999999,116.54599999999999,1767.2034999995526,858.645500000003,6.4204,194.3183765,137.13615,6.5833822265,2.6258489999999997,4135.125,5360.535,5.95488513,1103.173,370.5875,694.5,100.88499999999999,7.7,73.60706,838.0,324.0,234.0,4859.5,484.5,10078.5,652.0,5019.5,2327.5,3766.0,2180.0,484.5,334.5,293.0,434.0,4661.5,1604.5,1729.5,4067.0,144.5,6275.0,2063.0,4466.0,3513.0,336.0,2837.5,446.5,461.5,687.0,228.5,168.0,1597.0,1492.0,130.5,417.0,0.0,33.5,336.5,461.5,3050.5,446.0,2588.0,336.5,461.5,3512.0,446.0,2782.0,41.0,414.5,1704.0,1343.5,130.5,461.5,248.5,40.5,20.0,1.0,4.5,18.0,484.0,209.5,34.5,3.0,2.0,125.5,122.0,20.0,3.5,30.5,152.0,94.0,67.5,50.09,50.4,20250.0,414.0,29870.0,25299.0,29447.0,112.0,552.5,17000.0,159.0,425.0,410.0,505.0,520.0,15500.0,28299.0,101.5,23500.0,42500.0,28862.0,16500.0,510.0,2665.0,5525.0,39250.0,338.0,8950.0,467.5,29555.0,19500.0,467.0,505.0,18050.0,15250.0,550.0,535.0,10753.0,6282.0,3088.0,63.0,96.0,172.0,85.0,137.0,1000.0,7500.0,60500.0,72500.0,73000.0,54000.0
2021-12-27,62500.0,1319.0,100.66675,114.5265,1728.5382499995696,823.8962500000029,6.307449999999999,186.48937175,134.68795,6.484901421750001,2.5524345,4153.8975,5378.9825,5.96042913,1096.8980000000001,365.87725,696.125,100.7575,8.5,73.69046,861.0,328.0,228.0,4952.75,496.25,10163.75,655.5,5123.75,2349.25,3911.0,2221.0,507.75,364.75,296.0,435.5,4846.75,1659.75,1743.75,4183.0,158.25,6398.5,2056.5,4558.0,3497.0,342.0,2926.25,412.75,462.75,710.0,243.25,173.0,1637.0,1454.5,140.75,433.5,0.0,38.75,342.75,462.75,3035.25,412.5,2689.5,342.75,462.75,3497.0,412.5,2880.5,43.0,431.25,1744.0,1306.25,140.75,461.75,235.75,37.75,17.5,1.0,4.25,19.0,501.5,222.25,32.25,2.5,1.0,130.75,131.0,20.0,1.75,33.25,152.0,83.0,57.75,50.175,50.72,20250.0,416.0,29631.0,24741.0,28941.0,124.0,547.5,17000.0,173.0,422.0,413.0,505.0,512.0,15500.0,27848.0,0.0,23500.0,42500.0,28419.0,16500.0,510.0,2665.0,5525.0,39250.0,341.0,8950.0,462.5,29024.0,19500.0,461.0,505.0,18050.0,15250.0,550.0,535.0,9244.0,5901.0,2687.0,55.0,88.0,148.0,106.0,151.5,1000.0,5700.0,61500.0,64000.0,77000.0,56800.0
2022-01-03,63500.0,1419.0,97.011,112.507,1689.872999999587,789.1470000000025,6.1945,178.660367,132.23975,6.386420617000001,2.47902,4172.67,5397.43,5.96597313,1090.623,361.167,698.62,100.63,8.5,73.6682,884.0,332.0,222.0,5046.0,508.0,10249.0,659.0,5228.0,2371.0,4056.0,2262.0,531.0,395.0,299.0,437.0,5032.0,1715.0,1758.0,4299.0,172.0,6522.0,2050.0,4650.0,3481.0,348.0,3015.0,379.0,464.0,733.0,258.0,178.0,1677.0,1417.0,151.0,450.0,0.0,44.0,349.0,464.0,3020.0,379.0,2791.0,349.0,464.0,3482.0,379.0,2979.0,45.0,448.0,1784.0,1269.0,151.0,462.0,223.0,35.0,15.0,1.0,4.0,20.0,519.0,235.0,30.0,2.0,0.0,136.0,140.0,20.0,0.0,36.0,152.0,72.0,48.0,50.26,51.04,20250.0,418.0,29121.0,24326.0,28566.0,118.0,547.5,17000.0,168.5,424.0,415.0,505.0,500.0,15500.0,27215.0,107.0,23500.0,42500.0,27969.0,16500.0,510.0,2665.0,5525.0,39250.0,346.0,8950.0,462.5,28407.0,19500.0,463.0,505.0,18050.0,15250.0,545.0,535.0,9244.0,5901.0,2687.0,55.0,88.0,148.0,106.0,151.5,1000.0,4500.0,62500.0,61500.0,79000.0,59000.0
2022-01-10,63500.0,1422.0,99.21225,110.06425,1711.9227499995836,741.9242500000014,6.1483,184.46018750000002,129.13456,6.298975627500001,2.4538469999999997,4187.29,5418.0825,5.87667138,1089.3185,354.50325,704.7,100.6775,8.5,74.31711,876.25,327.0,228.75,4961.75,505.0,10218.0,646.0,5145.25,2338.75,4127.25,2203.25,534.25,389.75,296.25,461.75,5092.5,1701.75,1694.0,4269.25,158.75,6499.0,2069.75,4623.75,3465.75,346.0,3039.0,427.75,464.75,732.0,260.0,186.0,1708.5,1397.5,139.25,462.5,0.0,44.25,346.75,465.0,3008.25,427.75,2808.25,346.75,465.0,3466.0,427.75,2996.25,47.0,460.25,1811.0,1251.75,139.25,457.75,230.5,34.5,25.0,4.5,4.75,19.0,513.5,234.25,25.75,1.5,0.75,124.0,145.25,18.75,0.0,27.0,145.25,65.5,45.75,50.3625,51.31,20250.0,419.0,28826.0,24255.0,28615.0,125.0,540.0,17000.0,170.5,425.0,416.0,495.0,500.0,15500.0,26977.0,114.5,23500.0,42500.0,27830.0,16500.0,500.0,2825.0,6575.0,39000.0,353.0,9900.0,462.5,28802.0,19500.0,465.0,535.0,18050.0,15250.0,535.0,530.0,9244.0,5901.0,2687.0,55.0,88.0,148.0,106.0,151.5,0.0,-500.0,63500.0,60500.0,78000.0,64000.0
2022-01-17,63700.0,1296.0,101.4135,107.6215,1733.9724999995806,694.7015000000004,6.1021,190.260008,126.02937,6.211530638000001,2.428674,4201.91,5438.735000000001,5.787369630000001,1088.0140000000001,347.8395,702.6,100.725,8.5,74.96602,868.5,322.0,235.5,4877.5,502.0,10187.0,633.0,5062.5,2306.5,4198.5,2144.5,537.5,384.5,293.5,486.5,5153.0,1688.5,1630.0,4239.5,145.5,6476.0,2089.5,4597.5,3450.5,344.0,3063.0,476.5,465.5,731.0,262.0,194.0,1740.0,1378.0,127.5,475.0,0.0,44.5,344.5,466.0,2996.5,476.5,2825.5,344.5,466.0,3450.0,476.5,3013.5,49.0,472.5,1838.0,1234.5,127.5,453.5,238.0,34.0,35.0,8.0,5.5,18.0,508.0,233.5,21.5,1.0,1.5,112.0,150.5,17.5,0.0,18.0,138.5,59.0,43.5,50.465,51.58,20250.0,430.0,29086.0,25878.0,28751.0,128.0,547.5,17000.0,176.5,440.0,425.0,500.0,510.0,15500.0,27257.0,117.5,23500.0,42500.0,27934.0,16500.0,515.0,2825.0,6575.0,39000.0,388.0,9900.0,467.5,28622.0,19500.0,471.0,542.5,18050.0,15250.0,535.0,537.5,9244.0,5901.0,2687.0,55.0,88.0,148.0,106.0,151.5,200.0,-9300.0,63500.0,61500.0,72500.0,73000.0
2022-01-24,62500.0,1287.0,103.61475,105.17875000000001,1756.0222499995773,647.4787499999992,6.055899999999999,196.05982849999998,122.92417999999999,6.1240856485,2.4035010000000003,4216.53,5459.3875,5.69806788,1086.7095,341.17575,702.1,100.7725,8.5,76.47518,860.75,317.0,242.25,4793.25,499.0,10156.0,620.0,4979.75,2274.25,4269.75,2085.75,540.75,379.25,290.75,511.25,5213.5,1675.25,1566.0,4209.75,132.25,6453.0,2109.25,4571.25,3435.25,342.0,3087.0,525.25,466.25,730.0,264.0,202.0,1771.5,1358.5,115.75,487.5,0.0,44.75,342.25,467.0,2984.75,525.25,2842.75,342.25,467.0,3434.0,525.25,3030.75,51.0,484.75,1865.0,1217.25,115.75,449.25,245.5,33.5,45.0,11.5,6.25,17.0,502.5,232.75,17.25,0.5,2.25,100.0,155.75,16.25,0.0,9.0,131.75,52.5,41.25,50.5675,51.849999999999994,20250.0,430.0,28955.0,25949.0,28321.0,131.0,547.5,17000.0,183.5,435.0,425.0,510.0,518.0,15500.0,27140.0,120.5,23500.0,42500.0,27651.0,16500.0,520.0,2825.0,6575.0,39000.0,415.0,9900.0,467.5,28389.0,19500.0,470.0,552.5,18050.0,15250.0,537.5,545.0,9244.0,5901.0,2687.0,55.0,88.0,148.0,106.0,151.5,-1200.0,-14500.0,63700.0,62500.0,64000.0,77000.0
2022-01-31,62900.0,1290.0,105.816,102.736,1778.071999999574,600.255999999998,6.0097,201.859649,119.81899,6.036640659000001,2.378328,4231.15,5480.04,5.60876613,1085.405,334.512,700.1899999999999,100.82,8.5,78.34304,853.0,312.0,249.0,4709.0,496.0,10125.0,607.0,4897.0,2242.0,4341.0,2027.0,544.0,374.0,288.0,536.0,5274.0,1662.0,1502.0,4180.0,119.0,6430.0,2129.0,4545.0,3420.0,340.0,3111.0,574.0,467.0,729.0,266.0,210.0,1803.0,1339.0,104.0,500.0,0.0,45.0,340.0,468.0,2973.0,574.0,2860.0,340.0,468.0,3418.0,574.0,3048.0,53.0,497.0,1892.0,1200.0,104.0,445.0,253.0,33.0,55.0,15.0,7.0,16.0,497.0,232.0,13.0,0.0,3.0,88.0,161.0,15.0,0.0,0.0,125.0,46.0,39.0,50.67,52.12,20250.0,429.0,29396.0,25683.0,28816.0,139.0,547.5,17000.0,190.5,438.0,425.0,510.0,530.0,15500.0,27624.0,128.5,23500.0,42500.0,27972.0,16500.0,530.0,2825.0,6575.0,39000.0,428.0,9900.0,470.0,28807.0,19500.0,470.0,552.5,18050.0,15250.0,537.5,567.5,9728.0,6527.0,2852.0,59.0,99.0,156.0,136.0,184.5,400.0,-16100.0,62500.0,63500.0,61500.0,79000.0
2022-02-07,65000.0,1299.0,105.17083175,94.19040000000001,1744.947024999672,537.9452754999984,5.729699999999999,191.99773075,109.24276,5.743604970750001,2.2828923005,4241.7699999999995,5435.9175,5.2499668475,1043.07275,330.6305,740.6,100.875,8.5,76.75726,848.5,315.5,251.0,4799.75,498.0,10133.0,624.5,4942.0,2261.0,4251.0,2061.0,524.75,384.25,289.75,505.75,5375.25,1649.5,1528.75,4185.0,123.25,6442.75,2132.75,4561.25,3493.75,335.25,3106.75,555.0,474.25,731.75,260.5,204.25,1763.75,1357.75,109.0,510.75,0.0,51.0,335.25,475.0,3038.75,555.0,2846.5,335.25,475.0,3491.75,555.0,3041.75,57.0,508.0,1855.5,1228.5,109.0,453.0,261.5,39.75,52.5,11.5,6.5,17.0,419.75,241.0,14.75,0.75,4.5,98.5,165.5,15.0,2.5,4.25,117.75,55.0,46.75,50.885000000000005,52.4375,22250.0,450.0,30752.0,26372.0,30282.0,145.0,580.0,18750.0,197.5,462.0,445.0,535.0,535.0,16750.0,28859.0,134.5,26000.0,42500.0,29440.0,21800.0,555.0,3365.0,8135.0,40500.0,428.0,11845.0,492.5,30078.0,24000.0,490.0,552.5,21370.0,19600.0,550.0,582.5,9728.0,6527.0,2852.0,59.0,99.0,156.0,136.0,184.5,2100.0,-13000.0,62900.0,63500.0,60500.0,78000.0
2022-02-14,65500.0,1306.0,104.52566350000001,85.6448,1711.8220499997701,475.63455099999874,5.4497,182.1358125,98.66653000000002,5.4505692825,2.1874566009999996,4252.389999999999,5391.795,4.891167565,1000.7405,326.749,745.5,100.93,8.7,75.09942,844.0,319.0,253.0,4890.5,500.0,10141.0,642.0,4987.0,2280.0,4161.0,2095.0,505.5,394.5,291.5,475.5,5476.5,1637.0,1555.5,4190.0,127.5,6455.5,2136.5,4577.5,3567.5,330.5,3102.5,536.0,481.5,734.5,255.0,198.5,1724.5,1376.5,114.0,521.5,0.0,57.0,330.5,482.0,3104.5,536.0,2833.0,330.5,482.0,3565.5,536.0,3035.5,61.0,519.0,1819.0,1257.0,114.0,461.0,270.0,46.5,50.0,8.0,6.0,18.0,342.5,250.0,16.5,1.5,6.0,109.0,170.0,15.0,5.0,8.5,110.5,64.0,54.5,51.1,52.754999999999995,22250.0,464.0,32114.0,27970.0,31346.0,150.0,592.5,18750.0,200.5,474.0,458.0,545.0,555.0,16750.0,29977.0,144.5,26000.0,42500.0,30598.0,21800.0,570.0,3365.0,8135.0,40500.0,422.0,11845.0,502.5,31458.0,24000.0,503.0,565.0,21370.0,19600.0,560.0,594.0,9728.0,6527.0,2852.0,59.0,99.0,156.0,136.0,184.5,500.0,-7000.0,65000.0,63700.0,61500.0,72500.0
2022-02-21,69000.0,1298.0,103.88049525,77.09920000000001,1678.697074999868,413.32382649999914,5.169700000000001,172.27389425,88.09030000000003,5.15753359425,2.0920209014999993,4263.01,5347.672500000001,4.5323682825,958.40825,322.8675,741.3,100.985,9.5,75.85418,839.5,322.5,255.0,4981.25,502.0,10149.0,659.5,5032.0,2299.0,4071.0,2129.0,486.25,404.75,293.25,445.25,5577.75,1624.5,1582.25,4195.0,131.75,6468.25,2140.25,4593.75,3641.25,325.75,3098.25,517.0,488.75,737.25,249.5,192.75,1685.25,1395.25,119.0,532.25,0.0,63.0,325.75,489.0,3170.25,517.0,2819.5,325.75,489.0,3639.25,517.0,3029.25,65.0,530.0,1782.5,1285.5,119.0,469.0,278.5,53.25,47.5,4.5,5.5,19.0,265.25,259.0,18.25,2.25,7.5,119.5,174.5,15.0,7.5,12.75,103.25,73.0,62.25,51.315,53.0725,22250.0,466.0,32898.0,28335.0,32085.0,138.0,620.0,18750.0,187.5,477.0,460.0,560.0,560.0,16750.0,30930.0,132.5,26000.0,42500.0,31407.0,21800.0,585.0,3365.0,8135.0,40500.0,418.0,11845.0,507.5,32417.0,24000.0,506.0,570.0,21370.0,19600.0,592.5,615.0,9728.0,6527.0,2852.0,59.0,99.0,156.0,136.0,184.5,3500.0,5000.0,65500.0,62500.0,62500.0,64000.0
2022-02-28,78000.0,1291.0,103.235327,68.55360000000002,1645.572099999966,351.0131019999995,4.8897,162.411976,77.51407000000003,4.864497906,1.996585201999999,4273.63,5303.55,4.173569,916.076,318.986,739.256,101.04,11.6,81.91595,835.0,326.0,257.0,5072.0,504.0,10157.0,677.0,5077.0,2318.0,3981.0,2163.0,467.0,415.0,295.0,415.0,5679.0,1612.0,1609.0,4200.0,136.0,6481.0,2144.0,4610.0,3715.0,321.0,3094.0,498.0,496.0,740.0,244.0,187.0,1646.0,1414.0,124.0,543.0,0.0,69.0,321.0,496.0,3236.0,498.0,2806.0,321.0,496.0,3713.0,498.0,3023.0,69.0,541.0,1746.0,1314.0,124.0,477.0,287.0,60.0,45.0,1.0,5.0,20.0,188.0,268.0,20.0,3.0,9.0,130.0,179.0,15.0,10.0,17.0,96.0,82.0,70.0,51.53,53.39,22250.0,469.0,33913.0,28968.0,33041.0,137.0,625.0,18750.0,185.5,477.0,460.0,610.0,568.0,16750.0,31875.0,131.5,26000.0,42500.0,32437.0,21800.0,585.0,3365.0,8135.0,40500.0,427.0,11845.0,512.5,33208.0,24000.0,509.0,565.0,21370.0,19600.0,627.5,620.0,11355.0,7823.0,3405.0,67.0,118.0,182.0,146.0,195.5,9000.0,16500.0,69000.0,62900.0,63500.0,61500.0
2022-03-07,77000.0,1314.0,97.3705352,68.51432140000001,1572.498707999975,335.5524269999999,4.6532800000000005,154.1893544,77.11213340000003,4.6201772210000005,1.9080642301999995,4281.436,5283.186,4.010200933999999,835.8668,304.5988,840.5,102.64200000000001,20.0,101.98908333333333,824.8,317.6,252.2,5080.0,506.0,10183.2,647.4,5087.0,2334.4,4075.8,2182.4,471.6,424.0,295.2,440.0,5550.6,1577.8,1632.2,4186.0,133.2,6454.2,2134.4,4606.8,3838.0,332.4,3166.4,522.4,511.4,724.2,237.4,186.4,1638.2,1401.4,114.8,530.0,0.0,60.0,332.4,511.4,3352.0,522.6,2891.6,332.4,511.4,3836.6,522.6,3100.4,66.6,528.0,1735.6,1304.0,114.8,484.6,274.0,59.0,49.0,2.0,5.2,18.4,196.6,306.4,21.2,2.4,8.4,127.4,180.8,15.6,8.0,15.0,101.6,80.4,65.6,51.532000000000004,53.47,22250.0,524.0,35186.0,31048.0,34263.0,147.0,707.5,18750.0,197.5,534.0,497.0,710.0,575.0,16750.0,32402.0,144.5,26000.0,42500.0,32619.0,21800.0,680.0,4375.0,9660.0,39500.0,456.0,13800.0,590.0,34466.0,24000.0,567.0,595.0,21370.0,19600.0,747.5,722.5,11355.0,7823.0,3405.0,67.0,118.0,182.0,146.0,195.5,-1000.0,16500.0,78000.0,65000.0,63500.0,60500.0
2022-03-14,74000.0,1326.0,91.50574340000001,68.47504280000001,1499.425315999984,320.0917520000003,4.41686,145.96673280000002,76.71019680000003,4.375856536000001,1.8195432583999998,4289.242,5262.822,3.846832868,755.6576,290.2116,926.9,104.244,20.0,117.7383,814.6,309.2,247.4,5088.0,508.0,10209.4,617.8,5097.0,2350.8,4170.6,2201.8,476.2,433.0,295.4,465.0,5422.2,1543.6,1655.4,4172.0,130.4,6427.4,2124.8,4603.6,3961.0,343.8,3238.8,546.8,526.8,708.4,230.8,185.8,1630.4,1388.8,105.6,517.0,0.0,51.0,343.8,526.8,3468.0,547.2,2977.2,343.8,526.8,3960.2,547.2,3177.8,64.2,515.0,1725.2,1294.0,105.6,492.2,261.0,58.0,53.0,3.0,5.4,16.8,205.2,344.8,22.4,1.8,7.8,124.8,182.6,16.2,6.0,13.0,107.2,78.8,61.2,51.534,53.55,22250.0,604.0,32835.0,31137.0,32912.0,159.0,790.0,18750.0,214.0,610.0,578.0,860.0,598.0,16750.0,31181.0,156.0,26000.0,42500.0,30755.0,21800.0,761.0,4375.0,9660.0,39500.0,577.0,13800.0,646.5,33349.0,24000.0,648.0,610.0,21370.0,19600.0,882.5,804.0,11355.0,7823.0,3405.0,67.0,118.0,182.0,146.0,195.5,-3000.0,12500.0,77000.0,65500.0,63700.0,61500.0
2022-03-21,67000.0,1313.0,85.64095160000002,68.43576420000001,1426.351923999993,304.63107700000074,4.18044,137.74411120000002,76.30826020000002,4.131535851000001,1.7310222866000002,4297.048,5242.458,3.6834648019999996,675.4484,275.82439999999997,924.7,105.846,20.0,108.69685999999999,804.4,300.8,242.6,5096.0,510.0,10235.6,588.2,5107.0,2367.2,4265.4,2221.2,480.8,442.0,295.6,490.0,5293.8,1509.4,1678.6,4158.0,127.6,6400.6,2115.2,4600.4,4084.0,355.2,3311.2,571.2,542.2,692.6,224.2,185.2,1622.6,1376.2,96.4,504.0,0.0,42.0,355.2,542.2,3584.0,571.8,3062.8,355.2,542.2,4083.8,571.8,3255.2,61.8,502.0,1714.8,1284.0,96.4,499.8,248.0,57.0,57.0,4.0,5.6,15.2,213.8,383.2,23.6,1.2000000000000002,7.2,122.2,184.4,16.8,4.0,11.0,112.8,77.2,56.8,51.536,53.63,22250.0,614.0,29971.0,27892.0,29736.0,145.0,785.0,18750.0,201.0,619.0,588.0,960.0,640.0,16750.0,28228.0,142.0,26000.0,42500.0,28469.0,21800.0,761.0,4375.0,9660.0,39500.0,597.0,13800.0,657.5,30238.0,24000.0,658.0,675.0,21370.0,19600.0,1000.0,785.0,11355.0,7823.0,3405.0,67.0,118.0,182.0,146.0,195.5,-7000.0,4500.0,74000.0,69000.0,62500.0,62500.0
2022-03-28,69500.0,1324.0,79.77615980000004,68.3964856,1353.278532000002,289.17040200000116,3.94402,129.5214896,75.90632360000002,3.887215166,1.6425013148000005,4304.854,5222.094,3.5200967359999997,595.2392,261.4372,924.4,107.448,20.0,100.72508,794.2,292.4,237.8,5104.0,512.0,10261.8,558.6,5117.0,2383.6,4360.2,2240.6,485.4,451.0,295.8,515.0,5165.4,1475.2,1701.8,4144.0,124.8,6373.8,2105.6,4597.2,4207.0,366.6,3383.6,595.6,557.6,676.8,217.6,184.6,1614.8,1363.6,87.2,491.0,0.0,33.0,366.6,557.6,3700.0,596.4,3148.4,366.6,557.6,4207.4,596.4,3332.6,59.4,489.0,1704.4,1274.0,87.2,507.4,235.0,56.0,61.0,5.0,5.8,13.6,222.4,421.6,24.8,0.6000000000000001,6.6,119.6,186.2,17.4,2.0,9.0,118.4,75.6,52.4,51.538,53.71,22250.0,610.0,27675.0,27476.0,27559.0,147.0,855.0,18750.0,200.0,612.0,587.0,960.0,658.0,16750.0,26485.0,144.0,26000.0,42500.0,26492.0,21800.0,780.0,4375.0,9660.0,39500.0,536.0,13800.0,657.5,28568.0,24000.0,657.0,610.0,21370.0,19600.0,1000.0,725.0,13189.0,9164.0,4181.0,79.0,139.0,211.0,146.0,198.5,2500.0,6000.0,67000.0,78000.0,62900.0,63500.0
2022-04-04,69500.0,1339.0,73.91136800000005,68.357207,1280.205140000011,273.7097270000016,3.7076,121.298868,75.50438700000002,3.642894481,1.553980343000001,4312.66,5201.73,3.35672867,515.03,247.05,927.82,109.05,20.0,86.18402,784.0,284.0,233.0,5112.0,514.0,10288.0,529.0,5127.0,2400.0,4455.0,2260.0,490.0,460.0,296.0,540.0,5037.0,1441.0,1725.0,4130.0,122.0,6347.0,2096.0,4594.0,4330.0,378.0,3456.0,620.0,573.0,661.0,211.0,184.0,1607.0,1351.0,78.0,478.0,0.0,24.0,378.0,573.0,3816.0,621.0,3234.0,378.0,573.0,4331.0,621.0,3410.0,57.0,476.0,1694.0,1264.0,78.0,515.0,222.0,55.0,65.0,6.0,6.0,12.0,231.0,460.0,26.0,0.0,6.0,117.0,188.0,18.0,0.0,7.0,124.0,74.0,48.0,51.54,53.79,22250.0,605.0,26916.0,26778.0,26627.0,156.0,845.0,18750.0,205.0,610.0,584.0,960.0,650.0,16750.0,25185.0,153.0,26000.0,42500.0,25648.0,21800.0,768.0,4375.0,9660.0,39500.0,489.0,13800.0,655.0,27411.0,24000.0,654.0,610.0,21370.0,19600.0,1000.0,725.0,13189.0,9164.0,4181.0,79.0,139.0,211.0,146.0,198.5,0.0,6000.0,69500.0,77000.0,65000.0,63500.0
2022-04-11,67500.0,1320.0,70.28337125000004,63.06980575,1216.187820000024,263.713362500002,3.5073749999999997,112.815319,69.37364075000002,3.4176916782499998,1.4799502895000005,4303.285,5345.4375,2.5181125024999997,534.0264999999999,241.30175,936.1,107.28999999999999,19.4,80.12924000000001,774.5,286.5,240.0,4969.0,499.5,10038.75,542.25,5022.5,2337.0,4239.5,2210.25,460.0,434.5,288.75,499.75,4740.25,1417.5,1680.0,4057.75,126.5,6259.25,2078.25,4502.5,4110.75,357.5,3291.25,584.75,542.5,640.75,208.25,184.5,1541.0,1343.75,79.5,475.5,0.5,21.25,357.5,542.25,3615.75,585.5,3066.5,357.5,542.25,4111.75,585.5,3238.5,57.5,474.0,1631.5,1253.25,79.5,496.0,225.0,50.75,60.0,8.25,5.75,11.0,263.5,433.5,25.5,0.0,5.75,114.75,181.0,18.0,0.0,16.75,134.5,79.5,54.5,51.53,53.7275,21400.0,603.0,26208.0,25966.0,25989.0,158.0,810.0,18000.0,203.0,611.0,583.0,960.0,637.0,14500.0,24659.0,155.0,24000.0,40500.0,24910.0,21125.0,681.0,3700.0,6950.0,46000.0,419.0,11050.0,652.5,27074.0,24000.0,653.0,605.0,20160.0,18250.0,950.0,715.0,13189.0,9164.0,4181.0,79.0,139.0,211.0,146.0,198.5,-2000.0,3800.0,69500.0,74000.0,65500.0,63700.0
2022-04-18,64000.0,1285.0,66.65537450000004,57.7824045,1152.170500000037,253.71699800000243,3.30715,104.33177,63.24289450000002,3.1924888755,1.405920236,4293.91,5489.145,1.6794963349999998,553.0229999999999,235.55349999999999,941.7,105.53,17.0,79.99316,765.0,289.0,247.0,4826.0,485.0,9789.5,555.5,4918.0,2274.0,4024.0,2160.5,430.0,409.0,281.5,459.5,4443.5,1394.0,1635.0,3985.5,131.0,6171.5,2060.5,4411.0,3891.5,337.0,3126.5,549.5,512.0,620.5,205.5,185.0,1475.0,1336.5,81.0,473.0,1.0,18.5,337.0,511.5,3415.5,550.0,2899.0,337.0,511.5,3892.5,550.0,3067.0,58.0,472.0,1569.0,1242.5,81.0,477.0,228.0,46.5,55.0,10.5,5.5,10.0,296.0,407.0,25.0,0.0,5.5,112.5,174.0,18.0,0.0,26.5,145.0,85.0,61.0,51.519999999999996,53.665,21400.0,595.0,26943.0,26986.0,26719.0,152.0,765.0,18000.0,197.5,604.0,575.0,940.0,622.0,14500.0,25352.0,150.0,24000.0,40500.0,25607.0,21125.0,680.0,3700.0,6950.0,46000.0,485.0,11050.0,642.5,27984.0,24000.0,645.0,570.0,20160.0,18250.0,950.0,695.0,13189.0,9164.0,4181.0,79.0,139.0,211.0,146.0,198.5,-3500.0,1500.0,67500.0,67000.0,69000.0,62500.0
2022-04-25,61500.0,1253.0,63.02737775000002,52.49500325,1088.15318000005,243.72063350000286,3.106925,95.84822100000002,57.11214825000001,2.9672860727500003,1.3318901824999996,4284.535,5632.8525,0.8408801674999999,572.0195,229.80525,939.0,103.77000000000001,17.0,76.8133,755.5,291.5,254.0,4683.0,470.5,9540.25,568.75,4813.5,2211.0,3808.5,2110.75,400.0,383.5,274.25,419.25,4146.75,1370.5,1590.0,3913.25,135.5,6083.75,2042.75,4319.5,3672.25,316.5,2961.75,514.25,481.5,600.25,202.75,185.5,1409.0,1329.25,82.5,470.5,1.5,15.75,316.5,480.75,3215.25,514.5,2731.5,316.5,480.75,3673.25,514.5,2895.5,58.5,470.0,1506.5,1231.75,82.5,458.0,231.0,42.25,50.0,12.75,5.25,9.0,328.5,380.5,24.5,0.0,5.25,110.25,167.0,18.0,0.0,36.25,155.5,90.5,67.5,51.51,53.6025,21400.0,566.0,29731.0,28925.0,28891.0,151.0,720.0,18000.0,194.5,577.0,547.0,930.0,610.0,14500.0,28254.0,129.5,24000.0,40500.0,28030.0,21125.0,650.0,3700.0,6950.0,46000.0,502.0,11050.0,617.5,30202.0,24000.0,617.0,572.5,20160.0,18250.0,940.0,670.0,13189.0,9164.0,4181.0,79.0,139.0,211.0,146.0,198.5,-2500.0,-1400.0,64000.0,69500.0,78000.0,62900.0
2022-05-02,58000.0,1237.0,59.39938100000001,47.207602,1024.135860000063,233.7242690000033,2.9067,87.36467200000003,50.98140200000001,2.74208327,1.257860128999999,4275.16,5776.56,0.002264,591.016,224.057,935.325,102.01,17.0,72.45308,746.0,294.0,261.0,4540.0,456.0,9291.0,582.0,4709.0,2148.0,3593.0,2061.0,370.0,358.0,267.0,379.0,3850.0,1347.0,1545.0,3841.0,140.0,5996.0,2025.0,4228.0,3453.0,296.0,2797.0,479.0,451.0,580.0,200.0,186.0,1343.0,1322.0,84.0,468.0,2.0,13.0,296.0,450.0,3015.0,479.0,2564.0,296.0,450.0,3454.0,479.0,2724.0,59.0,468.0,1444.0,1221.0,84.0,439.0,234.0,38.0,45.0,15.0,5.0,8.0,361.0,354.0,24.0,0.0,5.0,108.0,160.0,18.0,0.0,46.0,166.0,96.0,74.0,51.5,53.54,21400.0,512.0,31615.0,29737.0,30427.0,140.0,680.0,18000.0,179.5,512.0,492.0,910.0,585.0,14500.0,31376.0,118.5,24000.0,40500.0,29767.0,21125.0,610.0,3700.0,6950.0,46000.0,500.0,11050.0,557.5,32061.0,24000.0,562.0,555.0,20160.0,18250.0,930.0,615.0,10929.0,7233.0,3605.0,68.0,111.0,174.0,145.5,210.0,-3500.0,-7000.0,61500.0,69500.0,77000.0,65000.0
2022-05-09,56000.0,1238.0,62.762362800000005,48.4643772,1062.7985220000537,242.97896560000288,3.0139199999999997,92.21369580000002,52.89577720000001,2.8997779186000003,1.3057774875999992,4288.034,5751.942,0.0024039338,640.6179999999999,221.9184,836.8,101.688,14.0,67.67936666666667,758.0,298.8,266.0,4664.6,470.6,9524.2,603.0,4740.4,2179.0,3785.6,2121.4,374.6,371.8,273.0,372.6,4034.4,1450.0,1540.6,3898.2,139.6,6098.0,2070.2,4312.6,3562.8,303.8,2896.2,493.2,450.6,583.0,207.6,194.6,1411.2,1385.4,93.0,462.4,1.8,17.4,303.8,449.8,3144.8,493.0,2669.4,303.8,449.8,3563.4,493.0,2819.2,61.6,462.4,1519.0,1304.6,93.0,418.6,227.6,35.2,55.8,17.8,4.6,8.8,394.2,341.8,30.0,0.0,4.0,113.4,128.0,15.8,0.0,45.0,175.4,92.4,70.6,51.476,53.484,21400.0,487.0,32249.0,29951.0,31017.0,143.0,675.0,18000.0,182.5,488.0,467.0,850.0,550.0,14000.0,31982.0,121.5,24000.0,40500.0,30523.0,19250.0,560.0,3650.0,7000.0,42000.0,494.0,10900.0,535.0,32880.0,24000.0,537.0,555.0,19180.0,14500.0,815.0,575.0,10929.0,7233.0,3605.0,68.0,111.0,174.0,145.5,210.0,-2000.0,-9500.0,58000.0,67500.0,74000.0,65500.0
2022-05-16,54000.0,1210.0,66.1253446,49.7211524,1101.4611840000443,252.23366220000244,3.12114,97.06271960000002,54.810152400000014,3.0574725672,1.3536948461999994,4300.907999999999,5727.3240000000005,0.0025438675999999998,690.2199999999999,219.7798,807.0,101.366,14.0,66.1368,770.0,303.6,271.0,4789.2,485.2,9757.4,624.0,4771.8,2210.0,3978.2,2181.8,379.2,385.6,279.0,366.2,4218.8,1553.0,1536.2,3955.4,139.2,6200.0,2115.4,4397.2,3672.6,311.6,2995.4,507.4,450.2,586.0,215.2,203.2,1479.4,1448.8,102.0,456.8,1.6,21.8,311.6,449.6,3274.6,507.0,2774.8,311.6,449.6,3672.8,507.0,2914.4,64.2,456.8,1594.0,1388.2,102.0,398.2,221.2,32.4,66.6,20.6,4.2,9.6,427.4,329.6,36.0,0.0,3.0,118.8,96.0,13.6,0.0,44.0,184.8,88.8,67.2,51.452,53.428,21400.0,445.0,31462.0,28736.0,30791.0,130.0,690.0,18000.0,165.5,443.0,425.0,850.0,525.0,14000.0,31548.0,108.5,24000.0,40500.0,30082.0,19250.0,450.0,3650.0,7000.0,42000.0,493.0,10900.0,492.5,32910.0,24000.0,495.0,535.0,19180.0,14500.0,815.0,530.0,10929.0,7233.0,3605.0,68.0,111.0,174.0,145.5,210.0,-2000.0,-15000.0,56000.0,64000.0,67000.0,69000.0
2022-05-23,50000.0,1189.0,69.48832639999999,50.9779276,1140.1238460000347,261.488358800002,3.22836,101.9117434,56.724527600000016,3.2151672158,1.4016122047999997,4313.782,5702.706,0.0026838013999999997,739.8219999999999,217.6412,798.4,101.04400000000001,14.0,62.36818000000001,782.0,308.4,276.0,4913.8,499.8,9990.6,645.0,4803.2,2241.0,4170.8,2242.2,383.8,399.4,285.0,359.8,4403.2,1656.0,1531.8,4012.6,138.8,6302.0,2160.6,4481.8,3782.4,319.4,3094.6,521.6,449.8,589.0,222.8,211.8,1547.6,1512.2,111.0,451.2,1.4,26.200000000000003,319.4,449.4,3404.4,521.0,2880.2,319.4,449.4,3782.2,521.0,3009.6,66.8,451.2,1669.0,1471.8,111.0,377.8,214.8,29.6,77.4,23.4,3.8,10.4,460.6,317.4,42.0,0.0,2.0,124.2,64.0,11.399999999999999,0.0,43.0,194.2,85.2,63.8,51.428000000000004,53.372,21400.0,417.0,29099.0,26720.0,28480.0,131.0,570.0,18000.0,166.5,418.0,415.0,770.0,510.0,14000.0,29528.0,109.5,24000.0,40500.0,27356.0,19250.0,468.0,3650.0,7000.0,42000.0,495.0,10900.0,465.0,30626.0,24000.0,469.0,515.0,19180.0,14500.0,800.0,510.0,10929.0,7233.0,3605.0,68.0,111.0,174.0,145.5,210.0,-4000.0,-28000.0,54000.0,61500.0,69500.0,78000.0
2022-05-30,46000.0,1153.0,72.85130819999998,52.2347028,1178.7865080000254,270.7430554000016,3.33558,106.7607672,58.63890280000001,3.3728618644,1.4495295633999998,4326.656,5678.088000000001,0.0028237352,789.424,215.5026,804.2,100.72200000000001,12.8,59.98594000000001,794.0,313.2,281.0,5038.4,514.4,10223.8,666.0,4834.6,2272.0,4363.4,2302.6,388.4,413.2,291.0,353.4,4587.6,1759.0,1527.4,4069.8,138.4,6404.0,2205.8,4566.4,3892.2,327.2,3193.8,535.8,449.4,592.0,230.4,220.4,1615.8,1575.6,120.0,445.6,1.2,30.6,327.2,449.2,3534.2,535.0,2985.6,327.2,449.2,3891.6,535.0,3104.8,69.4,445.6,1744.0,1555.4,120.0,357.4,208.4,26.8,88.2,26.2,3.4,11.2,493.8,305.2,48.0,0.0,1.0,129.6,32.0,9.2,0.0,42.0,203.6,81.6,60.4,51.404,53.315999999999995,21400.0,412.0,23603.0,23317.0,21615.0,133.0,567.5,18000.0,169.5,415.0,411.0,700.0,500.0,14000.0,23798.0,111.5,24000.0,40500.0,21574.0,19250.0,447.0,3650.0,7000.0,42000.0,464.0,10900.0,462.5,25964.0,24000.0,461.0,465.0,19180.0,14500.0,735.0,485.0,10809.0,7110.0,3864.0,69.0,109.0,172.0,119.0,181.0,-4000.0,-31000.0,50000.0,58000.0,69500.0,77000.0
2022-06-06,43500.0,1141.0,76.21428999999998,53.491478,1217.449170000016,279.9977520000012,3.4428,111.609791,60.55327800000001,3.530556513,1.497446922,4339.53,5653.47,0.002963669,839.026,213.364,761.0,100.4,11.0,61.94372,806.0,318.0,286.0,5163.0,529.0,10457.0,687.0,4866.0,2303.0,4556.0,2363.0,393.0,427.0,297.0,347.0,4772.0,1862.0,1523.0,4127.0,138.0,6506.0,2251.0,4651.0,4002.0,335.0,3293.0,550.0,449.0,595.0,238.0,229.0,1684.0,1639.0,129.0,440.0,1.0,35.0,335.0,449.0,3664.0,549.0,3091.0,335.0,449.0,4001.0,549.0,3200.0,72.0,440.0,1819.0,1639.0,129.0,337.0,202.0,24.0,99.0,29.0,3.0,12.0,527.0,293.0,54.0,0.0,0.0,135.0,0.0,7.0,0.0,41.0,213.0,78.0,57.0,51.38,53.26,14000.0,396.0,21843.0,19757.0,20122.0,139.0,550.0,9500.0,175.5,391.0,390.0,660.0,497.0,8000.0,18829.0,116.5,20000.0,25000.0,19499.0,15125.0,430.0,2825.0,4775.0,33000.0,418.0,6025.0,437.5,23137.0,19500.0,440.0,510.0,14100.0,10750.0,715.0,460.0,10809.0,7110.0,3864.0,69.0,109.0,172.0,119.0,181.0,-2500.0,-30500.0,46000.0,56000.0,67500.0,74000.0
2022-06-13,42000.0,1127.0,85.1039475,57.4660585,1298.4328975000053,319.8516192500007,3.7098000000000004,128.18338575,65.26728600000001,3.79971609975,1.6182845167500002,4371.8099999999995,5804.05,0.0029441205,786.21075,228.1065,725.1,100.345,11.0,59.692319999999995,784.25,318.75,290.0,5067.75,522.25,10272.5,680.25,4824.25,2264.75,4436.75,2381.0,384.75,424.5,294.25,318.25,4641.75,1906.5,1550.75,4046.25,132.75,6421.75,2252.5,4575.75,3914.5,336.25,3161.5,587.75,446.5,591.5,240.5,226.0,1613.25,1570.0,124.25,443.5,1.0,33.75,336.25,446.5,3661.5,587.25,2999.25,336.25,446.5,3914.25,587.25,3081.0,66.0,443.5,1734.75,1570.0,124.25,252.75,162.0,23.5,87.5,22.25,3.75,14.5,493.25,249.25,51.0,0.0,0.0,121.0,14.25,7.75,0.0,35.0,194.75,76.75,64.25,51.375,53.254999999999995,14000.0,381.0,20112.0,17185.0,18736.0,145.0,540.0,9500.0,179.5,381.0,374.0,640.0,490.0,8000.0,18445.0,122.5,20000.0,25000.0,17655.0,15125.0,463.0,2825.0,4775.0,33000.0,393.0,6025.0,422.5,21258.0,19500.0,424.0,515.0,14100.0,10750.0,685.0,450.0,10809.0,7110.0,3864.0,69.0,109.0,172.0,119.0,181.0,-1500.0,-25000.0,43500.0,54000.0,64000.0,67000.0
2022-06-20,43000.0,1120.0,93.99360500000003,61.440639000000004,1379.4166249999944,359.70548650000023,3.9768000000000003,144.75698050000005,69.98129400000002,4.0688756865,1.7391221115000004,4404.09,5954.63,0.0029245720000000003,733.3955,242.849,697.375,100.29,9.5,56.83355,762.5,319.5,294.0,4972.5,515.5,10088.0,673.5,4782.5,2226.5,4317.5,2399.0,376.5,422.0,291.5,289.5,4511.5,1951.0,1578.5,3965.5,127.5,6337.5,2254.0,4500.5,3827.0,337.5,3030.0,625.5,444.0,588.0,243.0,223.0,1542.5,1501.0,119.5,447.0,1.0,32.5,337.5,444.0,3659.0,625.5,2907.5,337.5,444.0,3827.5,625.5,2962.0,60.0,447.0,1650.5,1501.0,119.5,168.5,122.0,23.0,76.0,15.5,4.5,17.0,459.5,205.5,48.0,0.0,0.0,107.0,28.5,8.5,0.0,29.0,176.5,75.5,71.5,51.370000000000005,53.25,14000.0,339.0,18343.0,16334.0,18221.0,131.0,515.0,9500.0,164.5,340.0,333.0,590.0,453.0,8000.0,17335.0,108.5,20000.0,25000.0,16963.0,15125.0,400.0,2825.0,4775.0,33000.0,392.0,6025.0,377.5,20827.0,19500.0,378.0,487.5,14100.0,10750.0,630.0,432.5,10809.0,7110.0,3864.0,69.0,109.0,172.0,119.0,181.0,1000.0,-26500.0,42000.0,50000.0,61500.0,69500.0
2022-06-27,44000.0,1111.0,102.88326250000007,65.4152195,1460.4003524999837,399.55935374999973,4.2438,161.3305752500001,74.69530200000001,4.33803527325,1.8599597062500008,4436.37,6105.21,0.0029050235000000002,680.58025,257.5915,685.3,100.23500000000001,9.5,54.16816,740.75,320.25,298.0,4877.25,508.75,9903.5,666.75,4740.75,2188.25,4198.25,2417.0,368.25,419.5,288.75,260.75,4381.25,1995.5,1606.25,3884.75,122.25,6253.25,2255.5,4425.25,3739.5,338.75,2898.5,663.25,441.5,584.5,245.5,220.0,1471.75,1432.0,114.75,450.5,1.0,31.25,338.75,441.5,3656.5,663.75,2815.75,338.75,441.5,3740.75,663.75,2843.0,54.0,450.5,1566.25,1432.0,114.75,84.25,82.0,22.5,64.5,8.75,5.25,19.5,425.75,161.75,45.0,0.0,0.0,93.0,42.75,9.25,0.0,23.0,158.25,74.25,78.75,51.365,53.245000000000005,14000.0,297.0,18306.0,15790.0,17846.0,114.0,490.0,9500.0,146.5,309.0,292.0,560.0,403.0,8000.0,17107.0,91.5,20000.0,25000.0,16514.0,15125.0,365.0,2825.0,4775.0,33000.0,371.0,6025.0,337.5,20230.0,19500.0,337.0,460.0,14100.0,10750.0,612.5,390.0,6778.0,4950.0,2760.0,56.0,74.0,108.0,118.0,178.5,1000.0,-25500.0,43000.0,46000.0,58000.0,69500.0
2022-07-04,45000.0,1134.0,111.7729200000001,69.38980000000001,1541.384079999973,439.4132209999992,4.510800000000001,177.9041700000001,79.40931000000002,4.60719486,1.980797301000001,4468.65,6255.79,0.002885475,627.765,272.334,683.6800000000001,100.18,9.5,52.754380000000005,719.0,321.0,302.0,4782.0,502.0,9719.0,660.0,4699.0,2150.0,4079.0,2435.0,360.0,417.0,286.0,232.0,4251.0,2040.0,1634.0,3804.0,117.0,6169.0,2257.0,4350.0,3652.0,340.0,2767.0,701.0,439.0,581.0,248.0,217.0,1401.0,1363.0,110.0,454.0,1.0,30.0,340.0,439.0,3654.0,702.0,2724.0,340.0,439.0,3654.0,702.0,2724.0,48.0,454.0,1482.0,1363.0,110.0,0.0,42.0,22.0,53.0,2.0,6.0,22.0,392.0,118.0,42.0,0.0,0.0,79.0,57.0,10.0,0.0,17.0,140.0,73.0,86.0,51.36,53.24,14000.0,303.0,18054.0,16063.0,17223.0,121.0,487.5,9500.0,149.5,311.0,298.0,540.0,378.0,8000.0,17134.0,98.5,20000.0,25000.0,16006.0,15125.0,360.0,2825.0,4775.0,33000.0,331.0,6025.0,342.5,19477.0,19500.0,343.0,425.0,14100.0,10750.0,590.0,390.0,6778.0,4950.0,2760.0,56.0,74.0,108.0,118.0,178.5,1000.0,-22500.0,44000.0,43500.0,56000.0,67500.0
2022-07-11,45500.0,1137.0,112.39586000000007,71.2617925,1570.9138449999682,442.36160899999976,4.6363,170.97842500000007,80.8661,4.7041873249999995,2.013275454000001,4518.674999999999,6288.0599999999995,0.0031726427500000003,718.30875,288.927,683.5,100.09,9.5,60.183539999999994,716.5,319.5,283.25,4782.0,506.25,9778.75,653.0,4707.0,2122.25,4111.0,2470.5,348.75,420.0,275.0,230.0,4384.25,2050.25,1593.5,3815.5,120.25,6166.75,2240.0,4328.5,3680.0,338.75,2716.5,689.25,459.5,576.25,243.25,206.0,1379.25,1341.5,104.75,434.75,0.75,31.25,338.75,459.25,3665.75,690.0,2684.0,338.75,459.25,3665.75,690.0,2684.0,61.5,434.25,1455.25,1341.5,104.75,15.25,31.5,23.0,46.0,1.5,5.25,18.5,427.25,121.5,31.75,0.0,0.0,104.25,79.0,8.75,2.0,27.0,141.75,76.5,77.5,51.3575,53.2325,8900.0,356.0,18268.0,15297.0,17148.0,113.0,492.5,7500.0,139.5,366.0,353.0,520.0,383.0,6500.0,16544.0,90.5,11000.0,18000.0,15790.0,8750.0,390.0,2025.0,3325.0,29900.0,302.0,4825.0,402.5,19166.0,11000.0,398.0,430.0,8640.0,6500.0,590.0,420.0,6778.0,4950.0,2760.0,56.0,74.0,108.0,118.0,178.5,500.0,-18500.0,45000.0,42000.0,54000.0,64000.0
2022-07-18,47000.0,1137.0,113.01880000000006,73.13378499999999,1600.4436099999634,445.3099970000003,4.761800000000001,164.05268000000007,82.32288999999997,4.80117979,2.0457536070000004,4568.7,6320.33,0.0034598105,808.8525,305.52,682.5,100.0,9.5,58.95598,714.0,318.0,264.5,4782.0,510.5,9838.5,646.0,4715.0,2094.5,4143.0,2506.0,337.5,423.0,264.0,228.0,4517.5,2060.5,1553.0,3827.0,123.5,6164.5,2223.0,4307.0,3708.0,337.5,2666.0,677.5,480.0,571.5,238.5,195.0,1357.5,1320.0,99.5,415.5,0.5,32.5,337.5,479.5,3677.5,678.0,2644.0,337.5,479.5,3677.5,678.0,2644.0,75.0,414.5,1428.5,1320.0,99.5,30.5,21.0,24.0,39.0,1.0,4.5,15.0,462.5,125.0,21.5,0.0,0.0,129.5,101.0,7.5,4.0,37.0,143.5,80.0,69.0,51.355000000000004,53.225,8900.0,370.0,20207.0,16673.0,18308.0,103.0,492.5,7500.0,129.5,371.0,364.0,460.0,395.0,6500.0,17103.0,80.5,11000.0,18000.0,16212.0,8750.0,410.0,2025.0,3325.0,29900.0,272.0,4825.0,412.5,19955.0,11000.0,409.0,425.0,8640.0,6500.0,500.0,455.0,6778.0,4950.0,2760.0,56.0,74.0,108.0,118.0,178.5,1500.0,-14500.0,45500.0,43000.0,50000.0,61500.0
2022-07-25,47500.0,1170.0,113.64174000000003,75.00577749999997,1629.9733749999589,448.2583850000009,4.887300000000001,157.12693500000003,83.77967999999996,4.898172255,2.0782317600000004,4618.725,6352.6,0.0037469782499999996,899.39625,322.113,682.5,99.91,9.2,56.143539999999994,711.5,316.5,245.75,4782.0,514.75,9898.25,639.0,4723.0,2066.75,4175.0,2541.5,326.25,426.0,253.0,226.0,4650.75,2070.75,1512.5,3838.5,126.75,6162.25,2206.0,4285.5,3736.0,336.25,2615.5,665.75,500.5,566.75,233.75,184.0,1335.75,1298.5,94.25,396.25,0.25,33.75,336.25,499.75,3689.25,666.0,2604.0,336.25,499.75,3689.25,666.0,2604.0,88.5,394.75,1401.75,1298.5,94.25,45.75,10.5,25.0,32.0,0.5,3.75,11.5,497.75,128.5,11.25,0.0,0.0,154.75,123.0,6.25,6.0,47.0,145.25,83.5,60.5,51.3525,53.2175,8900.0,348.0,21962.0,16962.0,20147.0,98.0,525.0,7500.0,124.5,349.0,342.0,460.0,390.0,6500.0,18040.0,75.5,11000.0,18000.0,17776.0,8750.0,410.0,2025.0,3325.0,29900.0,257.0,4825.0,385.0,20489.0,11000.0,387.0,400.0,8640.0,6500.0,500.0,475.0,6778.0,4950.0,2760.0,56.0,74.0,108.0,118.0,178.5,500.0,-10500.0,47000.0,44000.0,46000.0,58000.0
2022-08-01,47500.0,1200.0,114.26468,76.87776999999996,1659.503139999954,451.2067730000014,5.0128,150.20119,85.23646999999994,4.99516472,2.110709913,4668.75,6384.87,0.004034146,989.94,338.706,671.842,99.82,8.0,59.63511999999999,709.0,315.0,227.0,4782.0,519.0,9958.0,632.0,4731.0,2039.0,4207.0,2577.0,315.0,429.0,242.0,224.0,4784.0,2081.0,1472.0,3850.0,130.0,6160.0,2189.0,4264.0,3764.0,335.0,2565.0,654.0,521.0,562.0,229.0,173.0,1314.0,1277.0,89.0,377.0,0.0,35.0,335.0,520.0,3701.0,654.0,2564.0,335.0,520.0,3701.0,654.0,2564.0,102.0,375.0,1375.0,1277.0,89.0,61.0,0.0,26.0,25.0,0.0,3.0,8.0,533.0,132.0,1.0,0.0,0.0,180.0,145.0,5.0,8.0,57.0,147.0,87.0,52.0,51.35,53.21,8900.0,317.0,23751.0,17547.0,21835.0,112.0,445.0,7500.0,127.5,319.0,310.0,460.0,380.0,6500.0,19731.0,79.5,11000.0,18000.0,19730.0,8750.0,400.0,2025.0,3325.0,29900.0,227.0,4825.0,355.0,22020.0,11000.0,355.0,422.5,8640.0,6500.0,495.0,435.0,4602.0,3405.0,1984.0,41.0,51.0,72.0,90.0,159.0,0.0,-8500.0,47500.0,45000.0,43500.0,56000.0
2022-08-08,49000.0,1198.0,110.54231,77.02360799999997,1672.030793999952,486.16808460000163,5.17952,146.9907644,87.74328199999995,5.1624274824,2.1581988786000004,4695.76,6457.7699999999995,0.004014124799999999,943.7222,336.0118,636.9,99.856,8.0,60.61502,724.2,303.0,216.8,4731.0,505.0,9731.2,630.8,4667.0,2018.4,4173.2,2568.4,351.2,429.0,250.4,245.0,4662.0,2052.0,1459.0,3790.0,128.4,6014.6,2105.4,4229.4,3639.6,327.6,2508.4,660.0,483.8,565.6,218.8,166.6,1343.2,1253.6,89.0,375.8,0.0,38.6,327.6,482.8,3588.8,660.0,2507.2,327.6,482.8,3588.8,660.0,2507.2,91.2,374.2,1392.0,1253.6,89.0,48.8,0.0,23.4,36.4,0.0,3.2,7.2,526.4,116.0,8.0,0.0,0.0,162.8,157.2,5.0,6.4,56.6,157.8,85.4,48.2,51.338,53.216,7750.0,321.0,25568.0,21195.0,23534.0,109.0,435.0,6500.0,123.5,325.0,315.0,455.0,370.0,5750.0,22180.0,76.5,10500.0,14500.0,21650.0,7950.0,390.0,2000.0,3350.0,23250.0,220.0,4575.0,355.0,24183.0,10500.0,360.0,422.5,7860.0,5400.0,470.0,420.0,4602.0,3405.0,1984.0,41.0,51.0,72.0,90.0,159.0,1500.0,-5000.0,47500.0,45500.0,42000.0,54000.0
2022-08-15,47500.0,1211.0,106.81994000000002,77.16944599999998,1684.55844799995,521.1293962000019,5.34624,143.78033879999998,90.25009399999996,5.3296902448,2.2056878442000003,4722.77,6530.67,0.0039941036,897.5044,333.3176,655.4,99.892,8.0,60.534839999999996,739.4,291.0,206.6,4680.0,491.0,9504.4,629.6,4603.0,1997.8,4139.4,2559.8,387.4,429.0,258.8,266.0,4540.0,2023.0,1446.0,3730.0,126.8,5869.2,2021.8,4194.8,3515.2,320.2,2451.8,666.0,446.6,569.2,208.6,160.2,1372.4,1230.2,89.0,374.6,0.0,42.2,320.2,445.6,3476.6,666.0,2450.4,320.2,445.6,3476.6,666.0,2450.4,80.4,373.4,1409.0,1230.2,89.0,36.6,0.0,20.8,47.8,0.0,3.4,6.4,519.8,100.0,15.0,0.0,0.0,145.6,169.4,5.0,4.8,56.2,168.6,83.8,44.4,51.326,53.222,7750.0,357.0,26015.0,21461.0,23841.0,109.0,455.0,6500.0,123.5,362.0,350.0,455.0,385.0,5750.0,22858.0,76.5,10500.0,14500.0,22016.0,7950.0,390.0,2000.0,3350.0,23250.0,238.0,4575.0,390.0,24832.0,10500.0,395.0,422.5,7860.0,5400.0,465.0,430.0,4602.0,3405.0,1984.0,41.0,51.0,72.0,90.0,159.0,-1500.0,-2500.0,49000.0,47000.0,43000.0,50000.0
2022-08-22,46500.0,1230.0,103.09757000000002,77.31528399999998,1697.0861019999481,556.0907078000021,5.51296,140.5699132,92.75690599999997,5.4969530072,2.2531768098000007,4749.78,6603.57,0.0039740824,851.2866,330.6234,641.0,99.928,8.0,60.528740000000006,754.6,279.0,196.4,4629.0,477.0,9277.6,628.4,4539.0,1977.2,4105.6,2551.2,423.6,429.0,267.2,287.0,4418.0,1994.0,1433.0,3670.0,125.2,5723.8,1938.2,4160.2,3390.8,312.8,2395.2,672.0,409.4,572.8,198.4,153.8,1401.6,1206.8,89.0,373.4,0.0,45.8,312.8,408.4,3364.4,672.0,2393.6,312.8,408.4,3364.4,672.0,2393.6,69.6,372.6,1426.0,1206.8,89.0,24.400000000000006,0.0,18.2,59.2,0.0,3.6,5.6,513.2,84.0,22.0,0.0,0.0,128.4,181.6,5.0,3.1999999999999993,55.8,179.4,82.2,40.6,51.314,53.228,7750.0,361.0,25881.0,21510.0,24239.0,102.0,455.0,6500.0,116.5,366.0,353.0,450.0,395.0,5750.0,22884.0,69.5,10500.0,14500.0,22324.0,7950.0,380.0,2000.0,3350.0,23250.0,264.0,4575.0,392.5,24946.0,10500.0,398.0,425.0,7860.0,5400.0,465.0,430.0,4602.0,3405.0,1984.0,41.0,51.0,72.0,90.0,159.0,-1000.0,500.0,47500.0,47500.0,44000.0,46000.0
2022-08-29,46000.0,1255.0,99.37520000000004,77.46112199999999,1709.613755999946,591.0520194000023,5.67968,137.3594876,95.26371799999998,5.664215769600001,2.3006657754000006,4776.79,6676.47,0.0039540612,805.0688,327.92920000000004,643.0,99.964,8.0,59.89958,769.8,267.0,186.2,4578.0,463.0,9050.8,627.2,4475.0,1956.6,4071.8,2542.6,459.8,429.0,275.6,308.0,4296.0,1965.0,1420.0,3610.0,123.6,5578.4,1854.6,4125.6,3266.4,305.4,2338.6,678.0,372.2,576.4,188.2,147.4,1430.8,1183.4,89.0,372.2,0.0,49.4,305.4,371.2,3252.2,678.0,2336.8,305.4,371.2,3252.2,678.0,2336.8,58.8,371.8,1443.0,1183.4,89.0,12.200000000000003,0.0,15.6,70.6,0.0,3.8,4.8,506.6,68.0,29.0,0.0,0.0,111.2,193.8,5.0,1.5999999999999996,55.4,190.2,80.6,36.8,51.302,53.234,7750.0,363.0,25793.0,21069.0,24231.0,103.0,455.0,6500.0,116.5,370.0,356.0,430.0,420.0,5750.0,22530.0,70.5,10500.0,14500.0,22250.0,7950.0,368.0,2000.0,3350.0,23250.0,270.0,4575.0,397.5,24924.0,10500.0,401.0,445.0,7860.0,5400.0,465.0,410.0,4507.0,3470.0,1950.0,39.0,52.0,71.0,98.0,163.0,-500.0,2500.0,46500.0,47500.0,45000.0,43500.0
2022-09-05,46000.0,1284.0,95.65283000000004,77.60696,1722.141409999944,626.0133310000026,5.8464,134.149062,97.77053,5.831478532000001,2.348154741000001,4803.8,6749.37,0.00393404,758.851,325.235,670.0,100.0,8.0,60.315639999999995,785.0,255.0,176.0,4527.0,449.0,8824.0,626.0,4411.0,1936.0,4038.0,2534.0,496.0,429.0,284.0,329.0,4174.0,1936.0,1407.0,3550.0,122.0,5433.0,1771.0,4091.0,3142.0,298.0,2282.0,684.0,335.0,580.0,178.0,141.0,1460.0,1160.0,89.0,371.0,0.0,53.0,298.0,334.0,3140.0,684.0,2280.0,298.0,334.0,3140.0,684.0,2280.0,48.0,371.0,1460.0,1160.0,89.0,0.0,0.0,13.0,82.0,0.0,4.0,4.0,500.0,52.0,36.0,0.0,0.0,94.0,206.0,5.0,0.0,55.0,201.0,79.0,33.0,51.29,53.24,7750.0,359.0,24677.0,20920.0,23357.0,98.0,435.0,6250.0,108.5,368.0,351.0,440.0,440.0,5750.0,22383.0,65.5,10500.0,14500.0,21498.0,7950.0,370.0,2025.0,3800.0,23350.0,270.0,5050.0,397.5,24665.0,10500.0,396.0,425.0,7840.0,5400.0,465.0,400.0,4507.0,3470.0,1950.0,39.0,52.0,71.0,98.0,163.0,0.0,4000.0,46000.0,49000.0,45500.0,42000.0
2022-09-12,46000.0,1274.0,92.71010200000003,77.616645,1753.6537149999403,648.7174495000029,5.9909,144.89327575,97.74123775,6.029452038000001,2.4023711645000008,4836.5375,6761.6925,0.004341672499999999,877.4715,331.38175,667.5,100.075,8.0,60.84194,801.25,254.5,180.5,4581.25,449.5,8790.0,635.5,4250.5,1958.75,3985.0,2469.0,491.0,430.5,284.25,353.75,4091.25,1892.25,1418.5,3599.5,121.75,5523.75,1812.5,4109.25,3157.5,303.5,2243.75,676.25,361.25,622.75,185.5,148.75,1432.75,1149.0,92.5,378.0,0.0,48.0,303.5,360.0,3156.25,676.25,2241.75,303.5,360.0,3156.25,676.25,2241.75,57.75,378.0,1432.75,1149.0,92.5,0.0,0.0,15.25,93.5,0.75,4.25,3.0,497.0,41.0,36.25,1.25,0.0,119.5,207.5,10.0,0.0,58.0,175.25,70.5,30.25,51.315,53.2825,7750.0,339.0,24588.0,21739.0,22647.0,99.0,425.0,6250.0,108.5,342.0,328.0,440.0,415.0,5750.0,21766.0,66.5,10500.0,14500.0,21004.0,7950.0,360.0,2025.0,3800.0,23350.0,272.0,5050.0,375.0,24300.0,10500.0,373.0,415.0,7840.0,5400.0,455.0,390.0,4507.0,3470.0,1950.0,39.0,52.0,71.0,98.0,163.0,0.0,3000.0,46000.0,47500.0,47000.0,43000.0
2022-09-19,46000.0,1266.0,89.76737400000002,77.62633,1785.1660199999365,671.4215680000032,6.135400000000001,155.6374895,97.71194550000001,6.227425544000001,2.4565875880000005,4869.275,6774.014999999999,0.004749305,996.0920000000001,337.5285,665.0,100.15,7.9,59.99947999999999,817.5,254.0,185.0,4635.5,450.0,8756.0,645.0,4090.0,1981.5,3932.0,2404.0,486.0,432.0,284.5,378.5,4008.5,1848.5,1430.0,3649.0,121.5,5614.5,1854.0,4127.5,3173.0,309.0,2205.5,668.5,387.5,665.5,193.0,156.5,1405.5,1138.0,96.0,385.0,0.0,43.0,309.0,386.0,3172.5,668.5,2203.5,309.0,386.0,3172.5,668.5,2203.5,67.5,385.0,1405.5,1138.0,96.0,0.0,0.0,17.5,105.0,1.5,4.5,2.0,494.0,30.0,36.5,2.5,0.0,145.0,209.0,15.0,0.0,61.0,149.5,62.0,27.5,51.34,53.325,7750.0,316.0,24568.0,21481.0,22518.0,101.0,430.0,6250.0,110.5,322.0,305.0,445.0,390.0,5750.0,21340.0,68.5,10500.0,14500.0,20865.0,7950.0,355.0,2025.0,3800.0,23350.0,267.0,5050.0,351.5,24178.0,10500.0,350.0,405.0,7840.0,5400.0,450.0,390.0,4507.0,3470.0,1950.0,39.0,52.0,71.0,98.0,163.0,0.0,2000.0,46000.0,46500.0,47500.0,44000.0
2022-09-26,45500.0,1276.0,86.824646,77.636015,1816.6783249999326,694.1256865000034,6.2799000000000005,166.38170325,97.68265325000002,6.425399050000001,2.5108040115000003,4902.0125,6786.3375,0.0051569375,1114.7125,343.67525,669.7,100.225,7.5,59.79657999999999,833.75,253.5,189.5,4689.75,450.5,8722.0,654.5,3929.5,2004.25,3879.0,2339.0,481.0,433.5,284.75,403.25,3925.75,1804.75,1441.5,3698.5,121.25,5705.25,1895.5,4145.75,3188.5,314.5,2167.25,660.75,413.75,708.25,200.5,164.25,1378.25,1127.0,99.5,392.0,0.0,38.0,314.5,412.0,3188.75,660.75,2165.25,314.5,412.0,3188.75,660.75,2165.25,77.25,392.0,1378.25,1127.0,99.5,0.0,0.0,19.75,116.5,2.25,4.75,1.0,491.0,19.0,36.75,3.75,0.0,170.5,210.5,20.0,0.0,64.0,123.75,53.5,24.75,51.365,53.3675,7750.0,316.0,24349.0,21353.0,22726.0,98.0,440.0,6250.0,110.5,322.0,292.0,460.0,385.0,5750.0,21207.0,65.5,10500.0,14500.0,20763.0,7950.0,355.0,2025.0,3800.0,23350.0,264.0,5050.0,352.5,24155.0,10500.0,351.0,405.0,7840.0,5400.0,465.0,395.0,5035.0,3889.0,2216.0,47.0,59.0,78.0,91.5,149.5,-500.0,500.0,46000.0,46000.0,47500.0,45000.0
2022-10-03,45500.0,1279.0,83.881918,77.6457,1848.190629999929,716.8298050000037,6.4244,177.125917,97.65336100000002,6.623372556000001,2.565020435,4934.75,6798.66,0.00556457,1233.333,349.822,675.848,100.3,7.5,57.46695999999999,850.0,253.0,194.0,4744.0,451.0,8688.0,664.0,3769.0,2027.0,3826.0,2274.0,476.0,435.0,285.0,428.0,3843.0,1761.0,1453.0,3748.0,121.0,5796.0,1937.0,4164.0,3204.0,320.0,2129.0,653.0,440.0,751.0,208.0,172.0,1351.0,1116.0,103.0,399.0,0.0,33.0,320.0,438.0,3205.0,653.0,2127.0,320.0,438.0,3205.0,653.0,2127.0,87.0,399.0,1351.0,1116.0,103.0,0.0,0.0,22.0,128.0,3.0,5.0,0.0,488.0,8.0,37.0,5.0,0.0,196.0,212.0,25.0,0.0,67.0,98.0,45.0,22.0,51.39,53.41,7750.0,333.0,24524.0,20719.0,22719.0,96.0,445.0,6250.0,108.5,338.0,309.0,490.0,395.0,5750.0,21294.0,63.5,10500.0,14500.0,20652.0,7950.0,365.0,2025.0,3800.0,23350.0,273.0,5050.0,372.5,24239.0,10500.0,368.0,415.0,7840.0,5400.0,507.5,420.0,5035.0,3889.0,2216.0,47.0,59.0,78.0,91.5,149.5,0.0,0.0,45500.0,46000.0,49000.0,45500.0
2022-10-10,45000.0,1276.0,93.13561350000005,79.41109250000002,1874.6907024999273,743.9447267500022,6.51635,184.43128800000002,99.40932075000003,6.694746967250001,2.6186354292500007,4954.555,6833.7725,0.005645658749999999,1262.017,354.5315,687.8,100.2325,7.5,59.45258,870.75,254.5,197.5,4742.0,477.75,8790.25,639.75,3795.25,2050.75,3904.25,2288.25,467.5,413.75,267.0,414.75,3981.75,1800.75,1478.5,3745.5,119.0,5801.5,1947.75,4222.5,3290.0,322.75,2303.5,649.75,457.25,765.75,202.0,174.25,1318.5,1167.0,111.0,412.0,1.75,71.25,322.75,455.75,3291.0,649.75,2302.25,322.75,455.75,3291.0,649.75,2302.25,108.0,411.75,1318.5,1167.0,111.0,0.0,0.0,21.25,121.25,4.25,5.75,12.0,522.25,23.75,43.0,4.0,0.0,179.0,194.0,25.0,0.0,81.0,104.0,52.75,23.0,51.417500000000004,53.4825,8000.0,334.0,24418.0,21040.0,22662.0,96.0,455.0,6500.0,108.5,340.0,311.0,500.0,405.0,6250.0,21285.0,63.5,9850.0,14500.0,20551.0,7450.0,395.0,2600.0,3990.0,22000.0,278.0,5050.0,372.5,24246.0,9500.0,370.0,425.0,7620.0,5400.0,537.5,432.5,5035.0,3889.0,2216.0,47.0,59.0,78.0,91.5,149.5,-500.0,-2000.0,45500.0,46000.0,47500.0,47000.0
2022-10-17,44000.0,1268.0,102.3893090000001,81.17648500000003,1901.1907749999255,771.0596485000009,6.6083,191.73665900000003,101.16528050000005,6.766121378500001,2.6722504235000013,4974.360000000001,6868.885,0.0057267475,1290.701,359.241,685.612,100.16499999999999,7.5,63.260000000000005,891.5,256.0,201.0,4740.0,504.5,8892.5,615.5,3821.5,2074.5,3982.5,2302.5,459.0,392.5,249.0,401.5,4120.5,1840.5,1504.0,3743.0,117.0,5807.0,1958.5,4281.0,3376.0,325.5,2478.0,646.5,474.5,780.5,196.0,176.5,1286.0,1218.0,119.0,425.0,3.5,109.5,325.5,473.5,3377.0,646.5,2477.5,325.5,473.5,3377.0,646.5,2477.5,129.0,424.5,1286.0,1218.0,119.0,0.0,0.0,20.5,114.5,5.5,6.5,24.0,556.5,39.5,49.0,3.0,0.0,162.0,176.0,25.0,0.0,95.0,110.0,60.5,24.0,51.445,53.555,8000.0,332.0,24277.0,21198.0,22585.0,97.0,455.0,6500.0,109.5,336.0,312.0,500.0,405.0,6250.0,21123.0,87.0,9850.0,14500.0,20338.0,7450.0,395.0,2600.0,3990.0,22000.0,285.0,5050.0,372.5,24176.0,9500.0,371.0,422.5,7620.0,5400.0,551.5,427.5,5035.0,3889.0,2216.0,47.0,59.0,78.0,91.5,149.5,-1000.0,-3500.0,45000.0,46000.0,46500.0,47500.0
2022-10-24,43000.0,1256.0,111.64300450000015,82.94187750000003,1927.6908474999236,798.1745702499995,6.7002500000000005,199.04203000000007,102.92124025000008,6.83749578975,2.7258654177500024,4994.165,6903.9974999999995,0.00580783625,1319.385,363.95050000000003,677.6,100.0975,7.5,61.550940000000004,912.25,257.5,204.5,4738.0,531.25,8994.75,591.25,3847.75,2098.25,4060.75,2316.75,450.5,371.25,231.0,388.25,4259.25,1880.25,1529.5,3740.5,115.0,5812.5,1969.25,4339.5,3462.0,328.25,2652.5,643.25,491.75,795.25,190.0,178.75,1253.5,1269.0,127.0,438.0,5.25,147.75,328.25,491.25,3463.0,643.25,2652.75,328.25,491.25,3463.0,643.25,2652.75,150.0,437.25,1253.5,1269.0,127.0,0.0,0.0,19.75,107.75,6.75,7.25,36.0,590.75,55.25,55.0,2.0,0.0,145.0,158.0,25.0,0.0,109.0,116.0,68.25,25.0,51.4725,53.6275,8000.0,325.0,24351.0,21680.0,22558.0,93.0,470.0,6500.0,103.5,328.0,306.0,500.0,405.0,6250.0,21143.0,82.0,9850.0,14500.0,20665.0,7450.0,395.0,2600.0,3990.0,22000.0,293.0,5050.0,367.5,24203.0,9500.0,365.0,410.0,7620.0,5400.0,551.5,422.5,5035.0,3889.0,2216.0,47.0,59.0,78.0,91.5,149.5,-1000.0,-4500.0,44000.0,45500.0,46000.0,47500.0
2022-10-31,42000.0,1241.0,120.8967000000002,84.70727000000005,1954.190919999922,825.2894919999981,6.7922,206.3474010000001,104.6772000000001,6.908870201,2.779480412000003,5013.97,6939.11,0.005888925,1348.069,368.66,673.428,100.03,7.5,61.363279999999996,933.0,259.0,208.0,4736.0,558.0,9097.0,567.0,3874.0,2122.0,4139.0,2331.0,442.0,350.0,213.0,375.0,4398.0,1920.0,1555.0,3738.0,113.0,5818.0,1980.0,4398.0,3548.0,331.0,2827.0,640.0,509.0,810.0,184.0,181.0,1221.0,1320.0,135.0,451.0,7.0,186.0,331.0,509.0,3549.0,640.0,2828.0,331.0,509.0,3549.0,640.0,2828.0,171.0,450.0,1221.0,1320.0,135.0,0.0,0.0,19.0,101.0,8.0,8.0,48.0,625.0,71.0,61.0,1.0,0.0,128.0,140.0,25.0,0.0,123.0,122.0,76.0,26.0,51.5,53.7,8000.0,318.0,23600.0,22246.0,22220.0,85.0,465.0,6500.0,94.5,323.0,300.0,490.0,405.0,6250.0,20740.0,74.0,9850.0,14500.0,20021.0,7450.0,379.0,2600.0,3990.0,22000.0,300.0,5050.0,362.5,23860.0,9500.0,359.0,400.0,7620.0,5400.0,495.0,407.5,5002.0,4202.0,2554.0,57.0,63.0,78.0,86.0,147.0,-1000.0,-7000.0,43000.0,45500.0,46000.0,49000.0
2022-11-07,41500.0,1253.0,125.64701200000017,82.89535340000005,1937.4787319999232,821.4338239999975,6.76694,218.7712352000001,102.58436760000009,6.9148868676,2.758912556000002,5031.258,6950.032,0.005927590999999999,1352.0044,371.6376,633.7,100.06,7.5,61.69085,920.6,260.2,202.8,4675.4,546.8,9018.4,578.0,3876.2,2121.2,4039.8,2421.8,485.8,343.6,210.4,392.2,4390.8,1911.4,1736.2,3721.8,120.2,5776.2,1946.4,4358.6,3472.8,325.8,2790.2,603.0,495.6,793.2,188.8,178.6,1259.6,1270.2,139.8,441.0,8.2,171.8,325.8,495.6,3473.4,603.2,2787.2,325.8,495.6,3473.4,603.2,2787.2,166.4,440.2,1259.6,1270.2,139.8,0.0,4.0,17.8,107.8,7.8,8.4,48.2,626.8,91.4,55.6,0.8,0.0,120.4,131.8,25.0,0.0,102.4,126.8,72.0,23.6,51.496,53.742000000000004,8100.0,313.0,22248.0,21998.0,21481.0,83.0,457.5,6650.0,92.0,320.0,265.0,490.0,394.0,6250.0,20630.0,72.0,10350.0,15000.0,18986.0,7450.0,370.0,2600.0,3975.0,22500.0,306.0,5100.0,357.5,22976.0,9500.0,354.0,385.0,7720.0,5400.0,505.0,400.0,5002.0,4202.0,2554.0,57.0,63.0,78.0,86.0,147.0,-500.0,-6000.0,42000.0,45000.0,46000.0,47500.0
2022-11-14,41000.0,1241.0,130.39732400000017,81.08343680000003,1920.7665439999244,817.5781559999967,6.74168,231.19506940000005,100.49153520000007,6.9209035342,2.738344700000001,5048.546,6960.954,0.005966257,1355.9398,374.6152,634.5,100.09,7.5,60.9473,908.2,261.4,197.6,4614.8,535.6,8939.8,589.0,3878.4,2120.4,3940.6,2512.6,529.6,337.2,207.8,409.4,4383.6,1902.8,1917.4,3705.6,127.4,5734.4,1912.8,4319.2,3397.6,320.6,2753.4,566.0,482.2,776.4,193.6,176.2,1298.2,1220.4,144.6,431.0,9.4,157.6,320.6,482.2,3397.8,566.4,2746.4,320.6,482.2,3397.8,566.4,2746.4,161.8,430.4,1298.2,1220.4,144.6,0.0,8.0,16.6,114.6,7.6,8.8,48.4,628.6,111.8,50.2,0.6,0.0,112.8,123.6,25.0,0.0,81.8,131.6,68.0,21.2,51.492,53.784,8100.0,307.0,21319.0,20982.0,20399.0,89.0,435.0,6650.0,96.0,313.0,257.0,460.0,378.0,6250.0,18825.0,77.0,10350.0,15000.0,18023.0,7450.0,345.0,2600.0,3975.0,22500.0,305.0,5100.0,352.5,21898.0,9500.0,346.0,375.0,7720.0,5400.0,495.0,387.5,5002.0,4202.0,2554.0,57.0,63.0,78.0,86.0,147.0,-500.0,-5500.0,41500.0,44000.0,46000.0,46500.0
2022-11-21,40000.0,1239.0,135.14763600000015,79.27152020000003,1904.0543559999257,813.7224879999961,6.71642,243.61890360000004,98.39870280000007,6.926920200800001,2.7177768440000007,5065.834,6971.876,0.006004923,1359.8752,377.5928,635.4,100.12,7.5,60.364340000000006,895.8,262.6,192.4,4554.2,524.4,8861.2,600.0,3880.6,2119.6,3841.4,2603.4,573.4,330.8,205.2,426.6,4376.4,1894.2,2098.6,3689.4,134.6,5692.6,1879.2,4279.8,3322.4,315.4,2716.6,529.0,468.8,759.6,198.4,173.8,1336.8,1170.6,149.4,421.0,10.6,143.4,315.4,468.8,3322.2,529.6,2705.6,315.4,468.8,3322.2,529.6,2705.6,157.2,420.6,1336.8,1170.6,149.4,0.0,12.0,15.4,121.4,7.4,9.2,48.6,630.4,132.2,44.8,0.3999999999999999,0.0,105.2,115.4,25.0,0.0,61.199999999999996,136.4,64.0,18.8,51.488,53.826,8100.0,301.0,21096.0,21124.0,19835.0,97.0,442.5,6650.0,104.0,306.0,259.0,450.0,368.0,6250.0,18403.0,85.0,10350.0,15000.0,17733.0,7450.0,335.0,2600.0,3975.0,22500.0,280.0,5100.0,344.5,21532.0,9500.0,338.0,375.0,7720.0,5400.0,480.0,380.0,5002.0,4202.0,2554.0,57.0,63.0,78.0,86.0,147.0,-1000.0,-6000.0,41000.0,43000.0,45500.0,46000.0
2022-11-28,40000.0,1281.0,139.89794800000013,77.45960360000001,1887.342167999927,809.8668199999954,6.69116,256.0427378,96.30587040000005,6.9329368674000005,2.697208988,5083.122,6982.798,0.006043589,1363.8106,380.5704,634.6,100.15,7.5,60.553020000000004,883.4,263.8,187.2,4493.6,513.2,8782.6,611.0,3882.8,2118.8,3742.2,2694.2,617.2,324.4,202.6,443.8,4369.2,1885.6,2279.8,3673.2,141.8,5650.8,1845.6,4240.4,3247.2,310.2,2679.8,492.0,455.4,742.8,203.2,171.4,1375.4,1120.8,154.2,411.0,11.8,129.2,310.2,455.4,3246.6,492.8,2664.8,310.2,455.4,3246.6,492.8,2664.8,152.6,410.8,1375.4,1120.8,154.2,0.0,16.0,14.2,128.2,7.2,9.6,48.8,632.2,152.6,39.4,0.19999999999999996,0.0,97.6,107.2,25.0,0.0,40.599999999999994,141.2,60.0,16.4,51.483999999999995,53.867999999999995,8100.0,312.0,20975.0,19842.0,19843.0,96.0,445.0,6650.0,104.0,313.0,271.0,450.0,350.0,6250.0,18069.0,84.0,10350.0,15000.0,17629.0,7450.0,361.0,2600.0,3975.0,22500.0,259.0,5100.0,353.0,21227.0,9500.0,347.0,375.0,7720.0,5400.0,475.0,382.5,5022.0,4221.0,2550.0,53.0,64.0,77.0,83.0,132.5,0.0,-6000.0,40000.0,42000.0,45500.0,46000.0
2022-12-05,40500.0,1312.0,144.6482600000001,75.647687,1870.629979999928,806.0111519999948,6.6659,268.466572,94.21303800000004,6.938953534,2.676641131999999,5100.41,6993.72,0.006082255,1367.746,383.548,656.6800000000001,100.18,7.5,61.12586,871.0,265.0,182.0,4433.0,502.0,8704.0,622.0,3885.0,2118.0,3643.0,2785.0,661.0,318.0,200.0,461.0,4362.0,1877.0,2461.0,3657.0,149.0,5609.0,1812.0,4201.0,3172.0,305.0,2643.0,455.0,442.0,726.0,208.0,169.0,1414.0,1071.0,159.0,401.0,13.0,115.0,305.0,442.0,3171.0,456.0,2624.0,305.0,442.0,3171.0,456.0,2624.0,148.0,401.0,1414.0,1071.0,159.0,0.0,20.0,13.0,135.0,7.0,10.0,49.0,634.0,173.0,34.0,0.0,0.0,90.0,99.0,25.0,0.0,20.0,146.0,56.0,14.0,51.48,53.91,8100.0,336.0,20253.0,18801.0,19746.0,102.0,450.0,7000.0,110.0,340.0,297.0,450.0,350.0,6350.0,17981.0,90.0,9850.0,15000.0,17000.0,7725.0,350.0,2600.0,3975.0,21000.0,259.0,5100.0,373.5,20770.0,9250.0,370.0,400.0,7810.0,6200.0,475.0,392.5,5022.0,4221.0,2550.0,53.0,64.0,77.0,83.0,132.5,500.0,-5500.0,40000.0,41500.0,45000.0,46000.0
2022-12-12,41700.0,1342.0,154.0069275000001,72.38056025,1862.6066599999251,783.670965499994,6.549675,271.4512115,90.92275600000002,6.8161534555,2.6462776254999993,5118.875,6964.01,0.00599015425,1340.2227500000001,378.59275,673.8,100.1275,7.5,62.59718,885.25,262.0,198.5,4401.0,486.25,8820.75,630.25,3949.0,2097.0,3866.0,2768.5,603.25,303.5,203.25,439.5,4616.75,1887.75,2234.5,3642.75,143.75,5627.25,1849.5,4205.5,3168.25,299.0,2711.25,485.25,452.75,727.75,200.75,184.75,1407.5,1105.5,154.75,396.5,10.5,125.0,299.0,452.75,3149.25,486.0,2687.0,299.0,452.75,3149.25,486.0,2687.0,136.25,396.5,1407.5,1105.5,154.75,17.75,25.0,9.75,124.25,7.75,11.0,49.5,648.0,192.75,35.0,0.0,0.0,83.75,111.75,24.25,0.0,24.0,133.0,60.0,14.0,51.5,54.1975,8100.0,352.0,20174.0,17332.0,19435.0,110.0,445.0,7000.0,116.0,354.0,311.0,425.0,366.0,6350.0,17668.0,98.0,9850.0,15000.0,16939.0,7725.0,355.0,2600.0,3975.0,21000.0,264.0,5100.0,379.0,20444.0,9250.0,384.0,407.5,7810.0,6200.0,461.5,392.5,5022.0,4221.0,2550.0,53.0,64.0,77.0,83.0,132.5,1200.0,-4300.0,40500.0,41000.0,44000.0,46000.0
2022-12-19,41700.0,1360.0,163.3655950000001,69.1134335,1854.583339999922,761.3307789999933,6.43345,274.43585099999996,87.63247400000002,6.693353376999999,2.6159141189999993,5137.34,6934.3,0.0058980535,1312.6995000000002,373.6375,668.1,100.075,7.5,63.64954,899.5,259.0,215.0,4369.0,470.5,8937.5,638.5,4013.0,2076.0,4089.0,2752.0,545.5,289.0,206.5,418.0,4871.5,1898.5,2008.0,3628.5,138.5,5645.5,1887.0,4210.0,3164.5,293.0,2779.5,515.5,463.5,729.5,193.5,200.5,1401.0,1140.0,150.5,392.0,8.0,135.0,293.0,463.5,3127.5,516.0,2750.0,293.0,463.5,3127.5,516.0,2750.0,124.5,392.0,1401.0,1140.0,150.5,35.5,30.0,6.5,113.5,8.5,12.0,50.0,662.0,212.5,36.0,0.0,0.0,77.5,124.5,23.5,0.0,28.0,120.0,64.0,14.0,51.519999999999996,54.485,8100.0,356.0,19973.0,17727.0,19341.0,111.0,447.5,7000.0,116.0,358.0,312.0,445.0,405.0,6350.0,17384.0,99.0,9850.0,15000.0,16962.0,7725.0,355.0,2600.0,3975.0,21000.0,266.0,5100.0,385.0,20072.0,9250.0,387.0,422.5,7810.0,6200.0,460.0,392.5,5022.0,4221.0,2550.0,53.0,64.0,77.0,83.0,132.5,0.0,-3800.0,41700.0,40000.0,43000.0,45500.0
2022-12-26,42500.0,1406.0,172.7242625000001,65.84630675,1846.560019999919,738.9905924999924,6.317225,277.42049049999997,84.34219200000001,6.570553298499999,2.5855506124999996,5155.805,6904.59,0.00580595275,1285.17625,368.68224999999995,662.875,100.02250000000001,7.5,69.33666,913.75,256.0,231.5,4337.0,454.75,9054.25,646.75,4077.0,2055.0,4312.0,2735.5,487.75,274.5,209.75,396.5,5126.25,1909.25,1781.5,3614.25,133.25,5663.75,1924.5,4214.5,3160.75,287.0,2847.75,545.75,474.25,731.25,186.25,216.25,1394.5,1174.5,146.25,387.5,5.5,145.0,287.0,474.25,3105.75,546.0,2813.0,287.0,474.25,3105.75,546.0,2813.0,112.75,387.5,1394.5,1174.5,146.25,53.25,35.0,3.25,102.75,9.25,13.0,50.5,676.0,232.25,37.0,0.0,0.0,71.25,137.25,22.75,0.0,32.0,107.0,68.0,14.0,51.54,54.7725,8100.0,355.0,19988.0,18031.0,19386.0,112.0,447.5,7000.0,115.0,356.0,311.0,455.0,400.0,6350.0,17035.0,100.0,9850.0,15000.0,16999.0,7725.0,359.0,2600.0,3975.0,21000.0,279.0,5100.0,385.0,19730.0,9250.0,386.0,425.0,7810.0,6200.0,460.0,400.0,5042.0,4160.0,2584.0,53.0,63.0,77.0,101.5,150.5,800.0,-3000.0,41700.0,40000.0,42000.0,45500.0
2023-01-02,42700.0,1462.0,182.0829300000001,62.57918,1838.536699999916,716.6504059999917,6.201,280.40513,81.05190999999999,6.447753219999999,2.555187106,5174.27,6874.88,0.005713852,1257.653,363.727,667.8000000000001,99.97,7.5,70.40494,928.0,253.0,248.0,4305.0,439.0,9171.0,655.0,4141.0,2034.0,4535.0,2719.0,430.0,260.0,213.0,375.0,5381.0,1920.0,1555.0,3600.0,128.0,5682.0,1962.0,4219.0,3157.0,281.0,2916.0,576.0,485.0,733.0,179.0,232.0,1388.0,1209.0,142.0,383.0,3.0,155.0,281.0,485.0,3084.0,576.0,2876.0,281.0,485.0,3084.0,576.0,2876.0,101.0,383.0,1388.0,1209.0,142.0,71.0,40.0,0.0,92.0,10.0,14.0,51.0,690.0,252.0,38.0,0.0,0.0,65.0,150.0,22.0,0.0,36.0,94.0,72.0,14.0,51.56,55.06,8100.0,368.0,20090.0,17705.0,19412.0,116.0,452.5,7000.0,119.0,367.0,320.0,455.0,402.0,6350.0,17009.0,104.0,9850.0,15000.0,17045.0,7725.0,370.0,2600.0,3975.0,21000.0,292.0,5100.0,392.5,19743.0,9250.0,395.0,430.0,7810.0,6200.0,460.0,402.5,5042.0,4160.0,2584.0,53.0,63.0,77.0,101.5,150.5,200.0,-2300.0,42500.0,40500.0,41500.0,45000.0
2023-01-09,42700.0,1475.0,181.65598600000007,62.98380280000001,1817.0906819999282,680.4344655999928,6.1029,275.2240458,81.8389068,6.278825138999999,2.4975251476,5170.966,6828.9980000000005,0.0056463102,1265.3974,360.935,691.8,100.036,7.5,69.63064,865.6,250.8,237.8,4303.2,457.6,9106.4,643.6,4171.2,2029.6,4477.4,2791.2,463.0,286.4,211.6,390.0,5244.2,1900.0,1623.0,3620.0,130.8,5669.4,1926.6,4220.8,3189.4,286.2,2937.0,580.0,480.0,685.6,176.0,222.0,1373.8,1254.6,141.0,375.2,3.0,140.4,286.2,479.8,3115.2,580.0,2900.2,286.2,479.8,3115.2,580.0,2900.2,118.4,375.2,1373.8,1254.6,141.0,72.0,37.0,0.8,91.0,8.4,14.0,50.6,650.6,222.8,34.8,0.0,0.0,68.8,161.4,20.4,0.0,35.2,99.6,73.0,14.2,51.578,55.394,8500.0,383.0,20700.0,20344.0,19581.0,118.0,457.5,7500.0,120.0,387.0,338.0,460.0,402.0,6750.0,16537.0,106.0,11000.0,14400.0,17360.0,8850.0,377.0,2600.0,4150.0,22500.0,303.0,5100.0,411.5,20566.0,10200.0,413.0,425.0,8690.0,7500.0,487.5,422.5,5042.0,4160.0,2584.0,53.0,63.0,77.0,101.5,150.5,0.0,-1300.0,42700.0,41700.0,41000.0,44000.0
2023-01-16,42700.0,1384.0,181.22904200000005,63.388425600000005,1795.6446639999403,644.2185251999938,6.0047999999999995,270.0429616,82.6259036,6.109897058,2.439863189200001,5167.662,6783.116,0.0055787684,1273.1418,358.143,687.2,100.102,7.5,68.85634,803.2,248.6,227.6,4301.4,476.2,9041.8,632.2,4201.4,2025.2,4419.8,2863.4,496.0,312.8,210.2,405.0,5107.4,1880.0,1691.0,3640.0,133.6,5656.8,1891.2,4222.6,3221.8,291.4,2958.0,584.0,475.0,638.2,173.0,212.0,1359.6,1300.2,140.0,367.4,3.0,125.8,291.4,474.6,3146.4,584.0,2924.4,291.4,474.6,3146.4,584.0,2924.4,135.8,367.4,1359.6,1300.2,140.0,73.0,34.0,1.6,90.0,6.8,14.0,50.2,611.2,193.6,31.6,0.0,0.0,72.6,172.8,18.8,0.0,34.4,105.2,74.0,14.4,51.596000000000004,55.728,8500.0,388.0,21951.0,19028.0,20288.0,123.0,457.5,7500.0,127.5,395.0,347.0,470.0,425.0,6750.0,18012.0,111.0,11000.0,14400.0,18415.0,8850.0,405.0,2600.0,4150.0,22500.0,306.0,5100.0,416.0,20764.0,10200.0,417.0,457.5,8690.0,7500.0,501.0,448.5,5042.0,4160.0,2584.0,53.0,63.0,77.0,101.5,150.5,0.0,-300.0,42700.0,41700.0,40000.0,43000.0
2023-01-23,42800.0,1364.0,180.80209800000003,63.79304840000001,1774.1986459999525,608.0025847999949,5.9067,264.86187739999997,83.41290040000001,5.940968977,2.382201230800001,5164.358,6737.234,0.0055112266,1280.8862,355.351,687.2,100.16799999999999,7.5,68.66774000000001,740.8,246.4,217.4,4299.6,494.8,8977.2,620.8,4231.6,2020.8,4362.2,2935.6,529.0,339.2,208.8,420.0,4970.6,1860.0,1759.0,3660.0,136.4,5644.2,1855.8,4224.4,3254.2,296.6,2979.0,588.0,470.0,590.8,170.0,202.0,1345.4,1345.8,139.0,359.6,3.0,111.2,296.6,469.4,3177.6,588.0,2948.6,296.6,469.4,3177.6,588.0,2948.6,153.2,359.6,1345.4,1345.8,139.0,74.0,31.0,2.4000000000000004,89.0,5.199999999999999,14.0,49.8,571.8,164.4,28.4,0.0,0.0,76.4,184.2,17.2,0.0,33.6,110.8,75.0,14.6,51.614,56.062,8500.0,377.0,23307.0,18750.0,21626.0,123.0,455.0,7500.0,131.5,385.0,336.0,471.0,440.0,6750.0,19384.0,111.0,11000.0,14400.0,19702.0,8850.0,400.0,2600.0,4150.0,22500.0,315.0,5100.0,407.5,21449.0,10200.0,406.0,457.5,8690.0,7500.0,501.0,452.5,5042.0,4160.0,2584.0,53.0,63.0,77.0,101.5,150.5,100.0,800.0,42700.0,42500.0,40000.0,42000.0
2023-01-30,42800.0,1344.0,180.375154,64.19767120000002,1752.7526279999647,571.786644399996,5.808599999999999,259.6807932,84.19989720000001,5.772040896,2.324539272400002,5161.054,6691.352,0.0054436848,1288.6306,352.55899999999997,689.2,100.234,7.5,68.9605,678.4,244.2,207.2,4297.8,513.4,8912.6,609.4,4261.8,2016.4,4304.6,3007.8,562.0,365.6,207.4,435.0,4833.8,1840.0,1827.0,3680.0,139.2,5631.6,1820.4,4226.2,3286.6,301.8,3000.0,592.0,465.0,543.4,167.0,192.0,1331.2,1391.4,138.0,351.8,3.0,96.6,301.8,464.2,3208.8,592.0,2972.8,301.8,464.2,3208.8,592.0,2972.8,170.6,351.8,1331.2,1391.4,138.0,75.0,28.0,3.2,88.0,3.5999999999999996,14.0,49.4,532.4,135.2,25.2,0.0,0.0,80.2,195.6,15.6,0.0,32.8,116.4,76.0,14.8,51.632,56.396,8500.0,384.0,24553.0,21524.0,23110.0,127.0,465.0,7500.0,136.0,393.0,343.0,485.0,435.0,6750.0,20519.0,116.5,11000.0,14400.0,21036.0,8850.0,400.0,2600.0,4200.0,22500.0,322.0,5100.0,412.5,22424.0,10200.0,413.0,457.5,8690.0,7500.0,502.5,442.5,5043.0,4382.0,2577.0,50.0,66.0,78.0,116.0,154.0,0.0,1300.0,42800.0,42700.0,40500.0,41500.0
2023-02-06,44500.0,1331.0,179.94821,64.60229400000001,1731.306609999977,535.570703999997,5.7105,254.499709,84.98689400000002,5.603112815,2.266877314000002,5157.75,6645.47,0.005376143,1296.375,349.767,702.048,100.3,7.5,70.13158,616.0,242.0,197.0,4296.0,532.0,8848.0,598.0,4292.0,2012.0,4247.0,3080.0,595.0,392.0,206.0,450.0,4697.0,1820.0,1895.0,3700.0,142.0,5619.0,1785.0,4228.0,3319.0,307.0,3021.0,596.0,460.0,496.0,164.0,182.0,1317.0,1437.0,137.0,344.0,3.0,82.0,307.0,459.0,3240.0,596.0,2997.0,307.0,459.0,3240.0,596.0,2997.0,188.0,344.0,1317.0,1437.0,137.0,76.0,25.0,4.0,87.0,2.0,14.0,49.0,493.0,106.0,22.0,0.0,0.0,84.0,207.0,14.0,0.0,32.0,122.0,77.0,15.0,51.65,56.73,9500.0,395.0,25587.0,22311.0,23784.0,127.0,512.5,7500.0,136.0,404.0,359.0,485.0,435.0,7750.0,21336.0,116.5,11250.0,17500.0,21794.0,8850.0,410.0,2950.0,4787.5,24000.0,335.0,5625.0,421.5,23780.0,10200.0,424.0,450.0,9010.0,7500.0,502.5,477.5,5043.0,4382.0,2577.0,50.0,66.0,78.0,116.0,154.0,1700.0,3500.0,42800.0,42700.0,41700.0,41000.0
2023-02-13,44500.0,1322.0,166.85045499999998,62.629820500000015,1647.3101849999825,482.46419624999817,5.308875,239.39055125,79.26546550000002,5.23652508575,2.1297743812500016,5155.055,6655.9325,0.0050540535,1208.984,332.69375,709.3,100.2575,7.5,71.751,636.75,253.0,195.0,4292.0,508.5,8823.5,600.25,4315.5,2005.25,4177.25,2925.75,668.75,399.0,208.0,437.5,4817.5,1735.5,1944.25,3710.75,135.75,5634.5,1796.25,4251.25,3294.75,307.25,3010.75,580.5,454.5,510.75,162.75,180.5,1310.75,1459.25,140.5,357.25,3.0,82.25,307.25,453.75,3206.25,580.5,2987.0,307.25,453.75,3206.25,580.5,2820.75,180.0,357.25,1310.75,1459.25,140.5,86.75,25.0,3.0,91.75,2.5,15.25,47.75,490.75,141.25,20.25,0.0,0.0,118.5,162.75,15.5,2.5,30.75,126.75,88.75,14.5,51.6575,56.8825,9500.0,399.0,25741.0,23774.0,24100.0,124.0,505.0,7500.0,136.5,409.0,363.0,500.0,446.0,7750.0,22626.0,113.5,11250.0,17500.0,22058.0,8850.0,415.0,2950.0,4787.5,24000.0,352.0,5625.0,421.5,24807.0,10200.0,428.0,445.0,9010.0,7500.0,516.0,457.5,5043.0,4382.0,2577.0,50.0,66.0,78.0,116.0,154.0,0.0,4500.0,44500.0,42700.0,41700.0,40000.0
2023-02-20,46000.0,1330.0,153.7527,60.657347000000016,1563.3137599999884,429.3576884999993,4.9072499999999994,224.28139349999998,73.54403700000002,4.8699373564999995,1.9926714485000017,5152.360000000001,6666.395,0.004731964,1121.593,315.6205,709.2,100.215,7.5,74.24510000000001,657.5,264.0,193.0,4288.0,485.0,8799.0,602.5,4339.0,1998.5,4107.5,2771.5,742.5,406.0,210.0,425.0,4938.0,1651.0,1993.5,3721.5,129.5,5650.0,1807.5,4274.5,3270.5,307.5,3000.5,565.0,449.0,525.5,161.5,179.0,1304.5,1481.5,144.0,370.5,3.0,82.5,307.5,448.5,3172.5,565.0,2977.0,307.5,448.5,3172.5,565.0,2644.5,172.0,370.5,1304.5,1481.5,144.0,97.5,25.0,2.0,96.5,3.0,16.5,46.5,488.5,176.5,18.5,0.0,0.0,153.0,118.5,17.0,5.0,29.5,131.5,100.5,14.0,51.665,57.035,9500.0,390.0,25837.0,24060.0,24184.0,124.0,500.0,7500.0,137.5,400.0,354.0,505.0,443.0,7750.0,23297.0,113.5,11250.0,17500.0,22134.0,8850.0,423.0,2950.0,4787.5,24000.0,367.0,5625.0,418.0,25635.0,10200.0,419.0,447.5,9010.0,7500.0,525.0,465.0,5043.0,4382.0,2577.0,50.0,66.0,78.0,116.0,154.0,1500.0,6000.0,44500.0,42800.0,42500.0,40000.0
2023-02-27,49200.0,1343.0,140.654945,58.68487350000001,1479.3173349999943,376.25118075000046,4.505625,209.17223575,67.82260850000003,4.5033496272499995,1.8555685157500013,5149.665,6676.8575,0.0044098745,1034.202,298.54724999999996,703.8,100.1725,7.5,74.53716666666666,678.25,275.0,191.0,4284.0,461.5,8774.5,604.75,4362.5,1991.75,4037.75,2617.25,816.25,413.0,212.0,412.5,5058.5,1566.5,2042.75,3732.25,123.25,5665.5,1818.75,4297.75,3246.25,307.75,2990.25,549.5,443.5,540.25,160.25,177.5,1298.25,1503.75,147.5,383.75,3.0,82.75,307.75,443.25,3138.75,549.5,2967.0,307.75,443.25,3138.75,549.5,2468.25,164.0,383.75,1298.25,1503.75,147.5,108.25,25.0,1.0,101.25,3.5,17.75,45.25,486.25,211.75,16.75,0.0,0.0,187.5,74.25,18.5,7.5,28.25,136.25,112.25,13.5,51.6725,57.1875,9500.0,411.0,25814.0,24275.0,24047.0,130.0,502.5,7500.0,143.0,422.0,375.0,510.0,443.0,7750.0,23404.0,119.5,11250.0,17500.0,22039.0,8850.0,423.0,2950.0,4787.5,24000.0,362.0,5625.0,438.5,26010.0,10200.0,440.0,455.0,9010.0,7500.0,532.5,455.0,5547.0,4898.0,2921.0,56.0,74.0,85.0,122.0,159.0,3200.0,8700.0,46000.0,42800.0,42700.0,40500.0
2023-03-06,53700.0,1372.0,127.55719,56.71240000000001,1395.32091,323.1446730000016,4.104,194.063078,62.10118000000002,4.136761898,1.718465583000001,5146.97,6687.32,0.004087785,946.811,281.474,741.4,100.13,7.5,75.30178,699.0,286.0,189.0,4280.0,438.0,8750.0,607.0,4386.0,1985.0,3968.0,2463.0,890.0,420.0,214.0,400.0,5179.0,1482.0,2092.0,3743.0,117.0,5681.0,1830.0,4321.0,3222.0,308.0,2980.0,534.0,438.0,555.0,159.0,176.0,1292.0,1526.0,151.0,397.0,3.0,83.0,308.0,438.0,3105.0,534.0,2957.0,308.0,438.0,3105.0,534.0,2292.0,156.0,397.0,1292.0,1526.0,151.0,119.0,25.0,0.0,106.0,4.0,19.0,44.0,484.0,247.0,15.0,0.0,0.0,222.0,30.0,20.0,10.0,27.0,141.0,124.0,13.0,51.68,57.34,10000.0,422.0,25821.0,25347.0,24055.0,126.0,500.0,7500.0,139.0,430.0,387.0,520.0,448.0,8000.0,24078.0,115.5,11250.0,18750.0,22056.0,8850.0,430.0,3125.0,5037.5,25500.0,348.0,6350.0,453.5,26555.0,10200.0,452.0,447.5,9090.0,7500.0,550.0,467.5,5547.0,4898.0,2921.0,56.0,74.0,85.0,122.0,159.0,4500.0,12000.0,49200.0,44500.0,42700.0,41700.0
2023-03-13,55500.0,1367.0,127.55719,56.71240000000001,1395.32091,323.1446730000016,4.104,194.063078,62.10118000000002,4.136761898,1.718465583000001,5146.97,6687.32,0.004087785,946.811,281.474,748.6,100.13,7.5,75.693475,699.0,286.0,189.0,4280.0,438.0,8750.0,607.0,4386.0,1985.0,3968.0,2463.0,890.0,420.0,214.0,400.0,5179.0,1482.0,2092.0,3743.0,117.0,5681.0,1830.0,4321.0,3222.0,308.0,2980.0,534.0,438.0,555.0,159.0,176.0,1292.0,1526.0,151.0,397.0,3.0,83.0,308.0,438.0,3105.0,534.0,2957.0,308.0,438.0,3105.0,534.0,2292.0,156.0,397.0,1292.0,1526.0,151.0,119.0,25.0,0.0,106.0,4.0,19.0,44.0,484.0,247.0,15.0,0.0,0.0,222.0,30.0,20.0,10.0,27.0,141.0,124.0,13.0,51.68,57.34,10000.0,426.0,26750.0,25313.0,25021.0,128.0,502.5,7500.0,141.0,434.0,393.0,530.0,453.0,8000.0,24550.0,117.5,11250.0,18750.0,23004.0,8850.0,452.0,3125.0,5037.5,25500.0,354.0,6350.0,460.0,27052.0,10200.0,458.0,447.5,9090.0,7500.0,555.0,475.0,5547.0,4898.0,2921.0,56.0,74.0,85.0,122.0,159.0,1800.0,13800.0,53700.0,44500.0,42700.0,41700.0
